Time (Sec);S55;S52;S71;S70;S69;S67;S68;S72;S74;S73;S75;S76;S77;S78;S79;S80;S81;S82;S83;S84;S85;S86;S87;S88;S89;S90;S91;S92;S93;S94;S95;S96;S97;S98;S99;S100;S101;S102;S103;S104;S105;S106;S107;S108;S109;S110;S111;S112;S113;S114;
0.0;19160.0;19160.0;19160.0;19160.0;19160.0;19160.0;19160.0;19160.0;19160.0;19160.0;19160.0;19160.0;19160.0;19160.0;19160.0;19160.0;19160.0;19160.0;19160.0;19160.0;19160.0;19160.0;19160.0;19160.0;19160.0;19160.0;19160.0;19160.0;19160.0;19160.0;19160.0;19160.0;19160.0;19160.0;19160.0;19160.0;19160.0;19160.0;19160.0;19160.0;19160.0;19160.0;19160.0;19160.0;19160.0;19160.0;19160.0;19160.0;19160.0;19160.0;
0.1263409105659852;19160.0;19160.0;19160.0;19160.0;19160.0;19160.0;19160.0;19160.0;19160.0;19160.0;19160.0;19160.0;19160.0;19160.0;19160.0;19160.0;19160.0;19160.0;19160.0;19160.0;19160.0;19160.0;19160.0;19160.0;19160.0;19160.0;19160.0;19160.0;19160.0;19160.0;19160.0;19160.0;19160.0;19160.0;19160.0;19160.0;19160.0;19160.0;19160.0;19160.0;19160.0;19160.0;19160.0;19160.0;19160.0;19160.0;19160.0;19160.0;19160.0;19160.0;
0.4263409105659852;19160.0;19160.0;19160.0;19160.0;19159.9848448;19160.0;19160.0;19160.0;19160.0;19160.0;19160.0;19160.0;19160.0;19160.0;19160.0;19160.0;19160.0;19160.0;19160.0;19160.0;19160.0;19160.0;19160.0;19160.0;19160.0;19160.0;19160.0;19160.0;19160.0;19160.0;19160.0;19160.0;19160.0;19160.0;19160.0;19160.0;19160.0;19160.0;19160.0;19160.0;19160.0;19160.0;19160.0;19160.0;19160.0;19160.0;19160.0;19160.0;19160.0;19160.0;
1.294464131966099;19160.0;19160.0;19160.0;19160.0;19159.9848448;19160.0;19159.9926784;19160.0;19159.9926784;19160.0;19160.0;19160.0;19160.0;19160.0;19160.0;19160.0;19160.0;19160.0;19160.0;19160.0;19160.0;19160.0;19160.0;19160.0;19160.0;19160.0;19160.0;19160.0;19160.0;19160.0;19160.0;19160.0;19160.0;19160.0;19160.0;19160.0;19160.0;19160.0;19160.0;19160.0;19160.0;19160.0;19160.0;19160.0;19160.0;19160.0;19160.0;19160.0;19160.0;19160.0;
1.3244653145073981;19160.0;19160.0;19160.0;19160.0;19159.9848448;19160.0;19159.9926784;19160.0;19159.9926784;19160.0;19160.0;19160.0;19160.0;19160.0;19160.0;19160.0;19160.0;19160.0;19160.0;19160.0;19160.0;19160.0;19160.0;19160.0;19160.0;19160.0;19160.0;19160.0;19160.0;19160.0;19160.0;19160.0;19160.0;19160.0;19160.0;19160.0;19160.0;19160.0;19160.0;19160.0;19160.0;19160.0;19160.0;19160.0;19160.0;19160.0;19160.0;19160.0;19160.0;19160.0;
1.3244653145073981;19160.0;19160.0;19160.0;19160.0;19159.9848448;19160.0;19159.9926784;19160.0;19159.977523200003;19160.0;19160.0;19160.0;19160.0;19160.0;19160.0;19160.0;19160.0;19160.0;19160.0;19160.0;19160.0;19160.0;19160.0;19160.0;19160.0;19160.0;19160.0;19160.0;19160.0;19160.0;19160.0;19160.0;19160.0;19160.0;19160.0;19160.0;19160.0;19160.0;19160.0;19160.0;19160.0;19160.0;19160.0;19160.0;19160.0;19160.0;19160.0;19160.0;19160.0;19160.0;
1.3364633364224596;19160.0;19160.0;19160.0;19160.0;19159.9848448;19160.0;19159.9926784;19160.0;19159.977523200003;19160.0;19160.0;19160.0;19160.0;19160.0;19160.0;19160.0;19160.0;19160.0;19160.0;19160.0;19160.0;19160.0;19160.0;19160.0;19160.0;19160.0;19160.0;19160.0;19160.0;19160.0;19160.0;19160.0;19160.0;19160.0;19160.0;19160.0;19160.0;19160.0;19160.0;19160.0;19160.0;19160.0;19160.0;19160.0;19160.0;19160.0;19160.0;19160.0;19160.0;19160.0;
1.3364633364224596;19160.0;19160.0;19160.0;19160.0;19159.9848448;19160.0;19159.977523200003;19160.0;19159.977523200003;19160.0;19160.0;19160.0;19160.0;19160.0;19160.0;19160.0;19160.0;19160.0;19160.0;19160.0;19160.0;19160.0;19160.0;19160.0;19160.0;19160.0;19160.0;19160.0;19160.0;19160.0;19160.0;19160.0;19160.0;19160.0;19160.0;19160.0;19160.0;19160.0;19160.0;19160.0;19160.0;19160.0;19160.0;19160.0;19160.0;19160.0;19160.0;19160.0;19160.0;19160.0;
1.4263409105659852;19160.0;19160.0;19160.0;19160.0;19159.9848448;19160.0;19159.977523200003;19160.0;19159.977523200003;19160.0;19160.0;19160.0;19160.0;19160.0;19160.0;19160.0;19160.0;19160.0;19160.0;19160.0;19160.0;19160.0;19160.0;19160.0;19160.0;19160.0;19160.0;19160.0;19160.0;19160.0;19160.0;19160.0;19160.0;19160.0;19160.0;19160.0;19160.0;19160.0;19160.0;19160.0;19160.0;19160.0;19160.0;19160.0;19160.0;19160.0;19160.0;19160.0;19160.0;19160.0;
1.5303441397068398;19160.0;19160.0;19160.0;19160.0;19159.9848448;19160.0;19159.977523200003;19160.0;19159.977523200003;19160.0;19160.0;19160.0;19160.0;19160.0;19160.0;19160.0;19160.0;19160.0;19160.0;19160.0;19160.0;19160.0;19160.0;19160.0;19160.0;19160.0;19160.0;19160.0;19160.0;19160.0;19160.0;19160.0;19160.0;19160.0;19160.0;19160.0;19160.0;19160.0;19160.0;19160.0;19160.0;19160.0;19160.0;19160.0;19160.0;19160.0;19160.0;19160.0;19160.0;19160.0;
1.5303441397068398;19160.0;19160.0;19160.0;19160.0;19159.969689600002;19160.0;19159.977523200003;19160.0;19159.977523200003;19160.0;19160.0;19160.0;19160.0;19160.0;19160.0;19160.0;19160.0;19160.0;19160.0;19160.0;19160.0;19160.0;19160.0;19160.0;19160.0;19160.0;19160.0;19160.0;19160.0;19160.0;19160.0;19160.0;19160.0;19160.0;19160.0;19160.0;19160.0;19160.0;19160.0;19160.0;19160.0;19160.0;19160.0;19160.0;19160.0;19160.0;19160.0;19160.0;19160.0;19160.0;
1.8303441397068398;19160.0;19160.0;19160.0;19160.0;19159.969689600002;19160.0;19159.977523200003;19160.0;19159.977523200003;19160.0;19160.0;19160.0;19160.0;19160.0;19160.0;19160.0;19160.0;19160.0;19160.0;19160.0;19160.0;19160.0;19160.0;19160.0;19160.0;19160.0;19160.0;19160.0;19160.0;19160.0;19160.0;19160.0;19160.0;19160.0;19160.0;19160.0;19160.0;19160.0;19160.0;19160.0;19160.0;19160.0;19160.0;19160.0;19160.0;19160.0;19160.0;19160.0;19160.0;19160.0;
2.4925885359075117;19160.0;19160.0;19159.9926784;19160.0;19159.962368000004;19160.0;19159.977523200003;19160.0;19159.977523200003;19160.0;19160.0;19160.0;19160.0;19160.0;19160.0;19160.0;19160.0;19160.0;19160.0;19160.0;19160.0;19160.0;19160.0;19160.0;19160.0;19160.0;19160.0;19160.0;19160.0;19160.0;19160.0;19160.0;19160.0;19160.0;19160.0;19160.0;19160.0;19160.0;19160.0;19160.0;19160.0;19160.0;19160.0;19160.0;19160.0;19160.0;19160.0;19160.0;19160.0;19160.0;
2.5045865578225732;19160.0;19160.0;19159.9926784;19159.9926784;19159.955046400006;19160.0;19159.977523200003;19160.0;19159.977523200003;19160.0;19159.9926784;19160.0;19160.0;19160.0;19160.0;19160.0;19160.0;19160.0;19160.0;19160.0;19160.0;19160.0;19160.0;19160.0;19160.0;19160.0;19160.0;19160.0;19160.0;19160.0;19160.0;19160.0;19160.0;19160.0;19160.0;19160.0;19160.0;19160.0;19160.0;19160.0;19160.0;19160.0;19160.0;19160.0;19160.0;19160.0;19160.0;19160.0;19160.0;19160.0;
2.698467361106953;19160.0;19160.0;19159.9926784;19159.9926784;19159.955046400006;19160.0;19159.970201600005;19160.0;19159.970201600005;19160.0;19159.9926784;19160.0;19160.0;19160.0;19160.0;19160.0;19160.0;19160.0;19160.0;19160.0;19160.0;19160.0;19160.0;19160.0;19160.0;19160.0;19160.0;19160.0;19160.0;19160.0;19160.0;19160.0;19160.0;19160.0;19160.0;19160.0;19160.0;19160.0;19160.0;19160.0;19160.0;19160.0;19160.0;19160.0;19160.0;19160.0;19160.0;19160.0;19160.0;19160.0;
2.721468247497055;19160.0;19160.0;19159.9926784;19159.9926784;19159.955046400006;19160.0;19159.970201600005;19160.0;19159.970201600005;19160.0;19159.9926784;19160.0;19160.0;19160.0;19160.0;19160.0;19160.0;19160.0;19160.0;19160.0;19160.0;19160.0;19160.0;19160.0;19160.0;19160.0;19160.0;19160.0;19160.0;19160.0;19160.0;19160.0;19160.0;19160.0;19160.0;19160.0;19160.0;19160.0;19160.0;19160.0;19160.0;19160.0;19160.0;19160.0;19160.0;19160.0;19160.0;19160.0;19160.0;19160.0;
2.721468247497055;19160.0;19160.0;19159.9926784;19159.9926784;19159.955046400006;19160.0;19159.955046400006;19160.0;19159.970201600005;19160.0;19159.9926784;19160.0;19160.0;19160.0;19160.0;19160.0;19160.0;19160.0;19160.0;19160.0;19160.0;19160.0;19160.0;19160.0;19160.0;19160.0;19160.0;19160.0;19160.0;19160.0;19160.0;19160.0;19160.0;19160.0;19160.0;19160.0;19160.0;19160.0;19160.0;19160.0;19160.0;19160.0;19160.0;19160.0;19160.0;19160.0;19160.0;19160.0;19160.0;19160.0;
2.735467873157197;19160.0;19160.0;19159.9926784;19159.9926784;19159.955046400006;19160.0;19159.955046400006;19160.0;19159.970201600005;19160.0;19159.9926784;19160.0;19160.0;19160.0;19160.0;19160.0;19160.0;19160.0;19160.0;19160.0;19160.0;19160.0;19160.0;19160.0;19160.0;19160.0;19160.0;19160.0;19160.0;19160.0;19160.0;19160.0;19160.0;19160.0;19160.0;19160.0;19160.0;19160.0;19160.0;19160.0;19160.0;19160.0;19160.0;19160.0;19160.0;19160.0;19160.0;19160.0;19160.0;19160.0;
2.735467873157197;19160.0;19160.0;19159.9926784;19159.9926784;19159.955046400006;19160.0;19159.955046400006;19160.0;19159.955046400006;19160.0;19159.9926784;19160.0;19160.0;19160.0;19160.0;19160.0;19160.0;19160.0;19160.0;19160.0;19160.0;19160.0;19160.0;19160.0;19160.0;19160.0;19160.0;19160.0;19160.0;19160.0;19160.0;19160.0;19160.0;19160.0;19160.0;19160.0;19160.0;19160.0;19160.0;19160.0;19160.0;19160.0;19160.0;19160.0;19160.0;19160.0;19160.0;19160.0;19160.0;19160.0;
3.8895914688971693;19160.0;19160.0;19159.9926784;19159.985356800004;19159.947724800008;19160.0;19159.955046400006;19160.0;19159.955046400006;19160.0;19159.985356800004;19160.0;19160.0;19160.0;19160.0;19160.0;19160.0;19160.0;19160.0;19160.0;19160.0;19160.0;19160.0;19160.0;19160.0;19160.0;19160.0;19160.0;19160.0;19160.0;19160.0;19160.0;19160.0;19160.0;19160.0;19160.0;19160.0;19160.0;19160.0;19160.0;19160.0;19160.0;19160.0;19160.0;19160.0;19160.0;19160.0;19160.0;19160.0;19160.0;
3.903591094557311;19160.0;19160.0;19159.985356800004;19159.985356800004;19159.94040320001;19160.0;19159.955046400006;19160.0;19159.955046400006;19160.0;19159.985356800004;19160.0;19160.0;19160.0;19160.0;19160.0;19160.0;19160.0;19160.0;19160.0;19160.0;19160.0;19160.0;19160.0;19160.0;19160.0;19160.0;19160.0;19160.0;19160.0;19160.0;19160.0;19160.0;19160.0;19160.0;19160.0;19160.0;19160.0;19160.0;19160.0;19160.0;19160.0;19160.0;19160.0;19160.0;19160.0;19160.0;19160.0;19160.0;19160.0;
30.003333333333334;19160.0;19160.0;19159.985356800004;19159.985356800004;19159.94040320001;19160.0;19159.955046400006;19160.0;19159.955046400006;19160.0;19159.985356800004;19160.0;19160.0;19160.0;19160.0;19160.0;19160.0;19160.0;19160.0;19160.0;19160.0;19160.0;19160.0;19160.0;19160.0;19160.0;19160.0;19160.0;19160.0;19160.0;19160.0;19160.0;19160.0;19160.0;19160.0;19160.0;19160.0;19160.0;19160.0;19160.0;19160.0;19160.0;19160.0;19160.0;19160.0;19160.0;19160.0;19160.0;19160.0;19160.0;
30.056333254261254;19160.0;19160.0;19159.985356800004;19159.985356800004;19159.94040320001;19160.0;19159.955046400006;19160.0;19159.955046400006;19160.0;19159.985356800004;19160.0;19160.0;19160.0;19160.0;19160.0;19160.0;19160.0;19160.0;19160.0;19160.0;19160.0;19160.0;19160.0;19160.0;19160.0;19160.0;19160.0;19160.0;19160.0;19160.0;19160.0;19160.0;19160.0;19160.0;19160.0;19160.0;19160.0;19160.0;19160.0;19160.0;19160.0;19160.0;19160.0;19160.0;19160.0;19160.0;19160.0;19160.0;19160.0;
30.056333254261254;19160.0;19160.0;19159.985356800004;19159.985356800004;19159.94040320001;19160.0;19159.955046400006;19160.0;19159.955046400006;19160.0;19159.985356800004;19160.0;19160.0;19160.0;19160.0;19160.0;19160.0;19160.0;19160.0;19160.0;19160.0;19160.0;19160.0;19160.0;19160.0;19160.0;19160.0;19160.0;19160.0;19160.0;19160.0;19160.0;19160.0;19160.0;19160.0;19160.0;19160.0;19160.0;19160.0;19160.0;19160.0;19160.0;19160.0;19160.0;19159.9848448;19160.0;19160.0;19160.0;19160.0;19160.0;
30.106334584721285;19160.0;19160.0;19159.985356800004;19159.985356800004;19159.94040320001;19160.0;19159.955046400006;19160.0;19159.955046400006;19160.0;19159.985356800004;19160.0;19160.0;19160.0;19160.0;19160.0;19160.0;19160.0;19160.0;19160.0;19160.0;19160.0;19160.0;19160.0;19160.0;19160.0;19160.0;19160.0;19160.0;19160.0;19160.0;19160.0;19160.0;19160.0;19160.0;19160.0;19160.0;19160.0;19160.0;19160.0;19160.0;19160.0;19160.0;19160.0;19159.9848448;19160.0;19160.0;19160.0;19160.0;19160.0;
30.106334584721285;19160.0;19160.0;19159.985356800004;19159.985356800004;19159.94040320001;19160.0;19159.955046400006;19160.0;19159.955046400006;19160.0;19159.985356800004;19160.0;19160.0;19160.0;19160.0;19160.0;19160.0;19160.0;19160.0;19160.0;19160.0;19160.0;19160.0;19160.0;19160.0;19160.0;19160.0;19159.9848448;19160.0;19160.0;19160.0;19160.0;19160.0;19160.0;19160.0;19160.0;19160.0;19160.0;19160.0;19160.0;19160.0;19160.0;19160.0;19160.0;19159.9848448;19160.0;19160.0;19160.0;19160.0;19160.0;
30.109330322611033;19160.0;19160.0;19159.985356800004;19159.985356800004;19159.94040320001;19160.0;19159.955046400006;19160.0;19159.955046400006;19160.0;19159.985356800004;19160.0;19160.0;19160.0;19160.0;19160.0;19160.0;19160.0;19160.0;19160.0;19160.0;19160.0;19160.0;19160.0;19160.0;19160.0;19160.0;19159.9848448;19160.0;19160.0;19160.0;19160.0;19160.0;19160.0;19160.0;19160.0;19160.0;19160.0;19160.0;19160.0;19160.0;19160.0;19160.0;19160.0;19159.9848448;19160.0;19160.0;19160.0;19160.0;19160.0;
30.109330322611033;19160.0;19160.0;19159.985356800004;19159.985356800004;19159.94040320001;19160.0;19159.955046400006;19160.0;19159.955046400006;19160.0;19159.985356800004;19160.0;19160.0;19160.0;19160.0;19160.0;19160.0;19160.0;19160.0;19160.0;19160.0;19160.0;19160.0;19160.0;19160.0;19160.0;19160.0;19159.9848448;19160.0;19160.0;19160.0;19160.0;19160.0;19160.0;19160.0;19160.0;19160.0;19160.0;19160.0;19160.0;19160.0;19160.0;19159.9848448;19160.0;19159.9848448;19160.0;19160.0;19160.0;19160.0;19160.0;
30.35633325426125;19160.0;19160.0;19159.985356800004;19159.985356800004;19159.94040320001;19160.0;19159.955046400006;19160.0;19159.955046400006;19160.0;19159.985356800004;19160.0;19160.0;19160.0;19160.0;19160.0;19160.0;19160.0;19160.0;19160.0;19160.0;19160.0;19160.0;19160.0;19160.0;19160.0;19160.0;19159.9848448;19160.0;19160.0;19160.0;19160.0;19160.0;19160.0;19160.0;19160.0;19160.0;19160.0;19160.0;19160.0;19160.0;19160.0;19159.9848448;19160.0;19159.9848448;19160.0;19160.0;19160.0;19160.0;19160.0;
30.406334584721282;19160.0;19160.0;19159.985356800004;19159.985356800004;19159.94040320001;19160.0;19159.955046400006;19160.0;19159.955046400006;19160.0;19159.985356800004;19160.0;19160.0;19160.0;19160.0;19160.0;19160.0;19160.0;19160.0;19160.0;19160.0;19160.0;19160.0;19160.0;19160.0;19160.0;19160.0;19159.9848448;19160.0;19160.0;19160.0;19160.0;19160.0;19160.0;19160.0;19160.0;19160.0;19160.0;19160.0;19160.0;19160.0;19160.0;19159.9848448;19160.0;19159.9848448;19160.0;19160.0;19160.0;19160.0;19160.0;
30.40933032261103;19160.0;19160.0;19159.985356800004;19159.985356800004;19159.94040320001;19160.0;19159.955046400006;19160.0;19159.955046400006;19160.0;19159.985356800004;19160.0;19160.0;19160.0;19160.0;19160.0;19160.0;19160.0;19160.0;19160.0;19160.0;19160.0;19160.0;19160.0;19160.0;19160.0;19160.0;19159.9848448;19160.0;19160.0;19160.0;19160.0;19160.0;19160.0;19160.0;19160.0;19160.0;19160.0;19160.0;19160.0;19160.0;19160.0;19159.9848448;19160.0;19159.9848448;19160.0;19160.0;19160.0;19160.0;19160.0;
31.224456475661363;19160.0;19160.0;19159.985356800004;19159.985356800004;19159.94040320001;19160.0;19159.955046400006;19160.0;19159.955046400006;19160.0;19159.985356800004;19160.0;19160.0;19160.0;19160.0;19160.0;19160.0;19160.0;19160.0;19160.0;19160.0;19160.0;19160.0;19160.0;19160.0;19160.0;19160.0;19159.9848448;19159.9926784;19160.0;19160.0;19160.0;19160.0;19160.0;19160.0;19160.0;19160.0;19160.0;19160.0;19160.0;19160.0;19159.9926784;19159.9848448;19160.0;19159.9848448;19160.0;19159.9926784;19160.0;19160.0;19160.0;
31.250455940458643;19160.0;19160.0;19159.985356800004;19159.985356800004;19159.94040320001;19160.0;19159.955046400006;19160.0;19159.955046400006;19160.0;19159.985356800004;19160.0;19160.0;19160.0;19160.0;19160.0;19160.0;19160.0;19160.0;19160.0;19160.0;19160.0;19160.0;19160.0;19160.0;19160.0;19160.0;19159.9848448;19159.9926784;19160.0;19160.0;19160.0;19160.0;19160.0;19160.0;19160.0;19160.0;19160.0;19160.0;19160.0;19160.0;19159.9926784;19159.9848448;19160.0;19159.9848448;19160.0;19159.9926784;19160.0;19160.0;19160.0;
31.250455940458643;19160.0;19160.0;19159.985356800004;19159.985356800004;19159.94040320001;19160.0;19159.955046400006;19160.0;19159.955046400006;19160.0;19159.985356800004;19160.0;19160.0;19160.0;19160.0;19160.0;19160.0;19160.0;19160.0;19160.0;19160.0;19160.0;19160.0;19160.0;19160.0;19160.0;19160.0;19159.9848448;19159.9926784;19160.0;19160.0;19160.0;19160.0;19160.0;19160.0;19160.0;19160.0;19160.0;19160.0;19160.0;19160.0;19159.977523200003;19159.9848448;19160.0;19159.9848448;19160.0;19159.9926784;19160.0;19160.0;19160.0;
31.268455784361066;19160.0;19160.0;19159.985356800004;19159.985356800004;19159.94040320001;19160.0;19159.955046400006;19160.0;19159.955046400006;19160.0;19159.985356800004;19160.0;19160.0;19160.0;19160.0;19160.0;19160.0;19160.0;19160.0;19160.0;19160.0;19160.0;19160.0;19160.0;19160.0;19160.0;19160.0;19159.9848448;19159.9926784;19160.0;19160.0;19160.0;19160.0;19160.0;19160.0;19160.0;19160.0;19160.0;19160.0;19160.0;19160.0;19159.977523200003;19159.9848448;19160.0;19159.9848448;19160.0;19159.9926784;19160.0;19160.0;19160.0;
31.268455784361066;19160.0;19160.0;19159.985356800004;19159.985356800004;19159.94040320001;19160.0;19159.955046400006;19160.0;19159.955046400006;19160.0;19159.985356800004;19160.0;19160.0;19160.0;19160.0;19160.0;19160.0;19160.0;19160.0;19160.0;19160.0;19160.0;19160.0;19160.0;19160.0;19160.0;19160.0;19159.9848448;19159.9926784;19160.0;19160.0;19160.0;19160.0;19160.0;19160.0;19160.0;19160.0;19160.0;19160.0;19160.0;19160.0;19159.977523200003;19159.9848448;19160.0;19159.9848448;19160.0;19159.977523200003;19160.0;19160.0;19160.0;
31.274457806121397;19160.0;19160.0;19159.985356800004;19159.985356800004;19159.94040320001;19160.0;19159.955046400006;19160.0;19159.955046400006;19160.0;19159.985356800004;19160.0;19160.0;19160.0;19160.0;19160.0;19160.0;19160.0;19160.0;19160.0;19160.0;19159.9926784;19160.0;19160.0;19160.0;19160.0;19159.9926784;19159.9848448;19159.985356800004;19160.0;19160.0;19160.0;19160.0;19160.0;19160.0;19160.0;19160.0;19160.0;19160.0;19160.0;19160.0;19159.977523200003;19159.9848448;19160.0;19159.9848448;19160.0;19159.977523200003;19160.0;19160.0;19160.0;
31.274459082592987;19160.0;19160.0;19159.985356800004;19159.985356800004;19159.94040320001;19160.0;19159.955046400006;19160.0;19159.955046400006;19160.0;19159.985356800004;19160.0;19160.0;19160.0;19160.0;19160.0;19160.0;19160.0;19160.0;19160.0;19160.0;19159.9926784;19160.0;19160.0;19160.0;19160.0;19159.9926784;19159.9848448;19159.985356800004;19160.0;19160.0;19160.0;19160.0;19160.0;19160.0;19160.0;19160.0;19160.0;19160.0;19160.0;19160.0;19159.977523200003;19159.9848448;19160.0;19159.9848448;19160.0;19159.977523200003;19160.0;19160.0;19160.0;
31.274459082592987;19160.0;19160.0;19159.985356800004;19159.985356800004;19159.94040320001;19160.0;19159.955046400006;19160.0;19159.955046400006;19160.0;19159.985356800004;19160.0;19160.0;19160.0;19160.0;19160.0;19160.0;19160.0;19160.0;19160.0;19160.0;19159.9926784;19160.0;19160.0;19160.0;19160.0;19159.9926784;19159.9848448;19159.970201600005;19160.0;19160.0;19160.0;19160.0;19160.0;19160.0;19160.0;19160.0;19160.0;19160.0;19160.0;19160.0;19159.977523200003;19159.9848448;19160.0;19159.9848448;19160.0;19159.977523200003;19160.0;19160.0;19160.0;
31.277453544011145;19160.0;19160.0;19159.985356800004;19159.985356800004;19159.94040320001;19160.0;19159.955046400006;19160.0;19159.955046400006;19160.0;19159.985356800004;19160.0;19160.0;19160.0;19160.0;19160.0;19160.0;19160.0;19160.0;19160.0;19160.0;19159.9926784;19160.0;19160.0;19160.0;19160.0;19159.9926784;19159.9848448;19159.970201600005;19160.0;19160.0;19160.0;19160.0;19160.0;19160.0;19160.0;19160.0;19160.0;19160.0;19160.0;19159.9926784;19159.977523200003;19159.9848448;19159.9926784;19159.9848448;19160.0;19159.977523200003;19160.0;19160.0;19160.0;
31.298453492861988;19160.0;19160.0;19159.985356800004;19159.985356800004;19159.94040320001;19160.0;19159.955046400006;19160.0;19159.955046400006;19160.0;19159.985356800004;19160.0;19160.0;19160.0;19160.0;19160.0;19160.0;19160.0;19160.0;19160.0;19160.0;19159.9926784;19160.0;19160.0;19160.0;19160.0;19159.9926784;19159.9848448;19159.970201600005;19160.0;19160.0;19160.0;19160.0;19160.0;19160.0;19160.0;19160.0;19160.0;19160.0;19160.0;19159.9926784;19159.977523200003;19159.9848448;19159.9926784;19159.9848448;19160.0;19159.977523200003;19160.0;19160.0;19160.0;
31.298453492861988;19160.0;19160.0;19159.985356800004;19159.985356800004;19159.94040320001;19160.0;19159.955046400006;19160.0;19159.955046400006;19160.0;19159.985356800004;19160.0;19160.0;19160.0;19160.0;19160.0;19160.0;19160.0;19160.0;19160.0;19160.0;19159.9926784;19160.0;19160.0;19160.0;19160.0;19159.9926784;19159.9848448;19159.970201600005;19160.0;19160.0;19160.0;19160.0;19160.0;19160.0;19160.0;19160.0;19160.0;19160.0;19160.0;19159.977523200003;19159.977523200003;19159.9848448;19159.9926784;19159.9848448;19160.0;19159.977523200003;19160.0;19160.0;19160.0;
31.3054539770346;19160.0;19160.0;19159.985356800004;19159.985356800004;19159.94040320001;19160.0;19159.955046400006;19160.0;19159.955046400006;19160.0;19159.985356800004;19160.0;19160.0;19160.0;19160.0;19160.0;19160.0;19160.0;19160.0;19160.0;19160.0;19159.9926784;19160.0;19160.0;19160.0;19160.0;19159.9926784;19159.9848448;19159.970201600005;19160.0;19160.0;19160.0;19160.0;19160.0;19160.0;19160.0;19160.0;19160.0;19160.0;19160.0;19159.977523200003;19159.977523200003;19159.9848448;19159.9926784;19159.9848448;19160.0;19159.977523200003;19160.0;19160.0;19160.0;
31.3054539770346;19160.0;19160.0;19159.985356800004;19159.985356800004;19159.94040320001;19160.0;19159.955046400006;19160.0;19159.955046400006;19160.0;19159.985356800004;19160.0;19160.0;19160.0;19160.0;19160.0;19160.0;19160.0;19160.0;19160.0;19160.0;19159.9926784;19160.0;19160.0;19160.0;19160.0;19159.9926784;19159.9848448;19159.970201600005;19160.0;19160.0;19160.0;19160.0;19160.0;19160.0;19160.0;19160.0;19160.0;19160.0;19160.0;19159.977523200003;19159.977523200003;19159.9848448;19159.977523200003;19159.9848448;19160.0;19159.977523200003;19160.0;19160.0;19160.0;
31.306457309032474;19160.0;19160.0;19159.985356800004;19159.985356800004;19159.94040320001;19160.0;19159.955046400006;19160.0;19159.955046400006;19160.0;19159.985356800004;19160.0;19160.0;19160.0;19160.0;19160.0;19160.0;19160.0;19160.0;19160.0;19160.0;19159.9926784;19160.0;19160.0;19160.0;19160.0;19159.9926784;19159.9848448;19159.970201600005;19160.0;19160.0;19160.0;19160.0;19160.0;19160.0;19160.0;19160.0;19160.0;19160.0;19160.0;19159.977523200003;19159.977523200003;19159.9848448;19159.977523200003;19159.9848448;19160.0;19159.977523200003;19160.0;19160.0;19160.0;
31.306457309032474;19160.0;19160.0;19159.985356800004;19159.985356800004;19159.94040320001;19160.0;19159.955046400006;19160.0;19159.955046400006;19160.0;19159.985356800004;19160.0;19160.0;19160.0;19160.0;19160.0;19160.0;19160.0;19160.0;19160.0;19160.0;19159.977523200003;19160.0;19160.0;19160.0;19160.0;19159.9926784;19159.9848448;19159.970201600005;19160.0;19160.0;19160.0;19160.0;19160.0;19160.0;19160.0;19160.0;19160.0;19160.0;19160.0;19159.977523200003;19159.977523200003;19159.9848448;19159.977523200003;19159.9848448;19160.0;19159.977523200003;19160.0;19160.0;19160.0;
31.314458327405024;19160.0;19160.0;19159.985356800004;19159.985356800004;19159.94040320001;19160.0;19159.955046400006;19160.0;19159.955046400006;19160.0;19159.985356800004;19160.0;19160.0;19160.0;19160.0;19160.0;19160.0;19160.0;19160.0;19160.0;19160.0;19159.977523200003;19160.0;19160.0;19160.0;19160.0;19159.9926784;19159.9848448;19159.970201600005;19160.0;19160.0;19160.0;19160.0;19160.0;19160.0;19160.0;19160.0;19160.0;19160.0;19160.0;19159.977523200003;19159.977523200003;19159.9848448;19159.977523200003;19159.9848448;19160.0;19159.977523200003;19160.0;19160.0;19160.0;
31.314458327405024;19160.0;19160.0;19159.985356800004;19159.985356800004;19159.94040320001;19160.0;19159.955046400006;19160.0;19159.955046400006;19160.0;19159.985356800004;19160.0;19160.0;19160.0;19160.0;19160.0;19160.0;19160.0;19160.0;19160.0;19160.0;19159.977523200003;19160.0;19160.0;19160.0;19160.0;19159.977523200003;19159.9848448;19159.970201600005;19160.0;19160.0;19160.0;19160.0;19160.0;19160.0;19160.0;19160.0;19160.0;19160.0;19160.0;19159.977523200003;19159.977523200003;19159.9848448;19159.977523200003;19159.9848448;19160.0;19159.977523200003;19160.0;19160.0;19160.0;
31.315461220276912;19160.0;19160.0;19159.985356800004;19159.985356800004;19159.94040320001;19160.0;19159.955046400006;19160.0;19159.955046400006;19160.0;19159.985356800004;19160.0;19160.0;19160.0;19160.0;19160.0;19160.0;19160.0;19160.0;19160.0;19160.0;19159.977523200003;19160.0;19160.0;19160.0;19160.0;19159.977523200003;19159.9848448;19159.970201600005;19160.0;19160.0;19160.0;19160.0;19160.0;19160.0;19160.0;19160.0;19160.0;19160.0;19160.0;19159.977523200003;19159.977523200003;19159.9848448;19159.977523200003;19159.9848448;19160.0;19159.977523200003;19160.0;19160.0;19160.0;
31.315461220276912;19160.0;19160.0;19159.985356800004;19159.985356800004;19159.94040320001;19160.0;19159.955046400006;19160.0;19159.955046400006;19160.0;19159.985356800004;19160.0;19160.0;19160.0;19160.0;19160.0;19160.0;19160.0;19160.0;19160.0;19160.0;19159.977523200003;19160.0;19160.0;19160.0;19160.0;19159.977523200003;19159.9848448;19159.955046400006;19160.0;19160.0;19160.0;19160.0;19160.0;19160.0;19160.0;19160.0;19160.0;19160.0;19160.0;19159.977523200003;19159.977523200003;19159.9848448;19159.977523200003;19159.9848448;19160.0;19159.977523200003;19160.0;19160.0;19160.0;
31.356333254261248;19160.0;19160.0;19159.985356800004;19159.985356800004;19159.94040320001;19160.0;19159.955046400006;19160.0;19159.955046400006;19160.0;19159.985356800004;19160.0;19160.0;19160.0;19160.0;19160.0;19160.0;19160.0;19160.0;19160.0;19160.0;19159.977523200003;19160.0;19160.0;19160.0;19160.0;19159.977523200003;19159.9848448;19159.955046400006;19160.0;19160.0;19160.0;19160.0;19160.0;19160.0;19160.0;19160.0;19160.0;19160.0;19160.0;19159.977523200003;19159.977523200003;19159.9848448;19159.977523200003;19159.9848448;19160.0;19159.977523200003;19160.0;19160.0;19160.0;
31.40345323711621;19160.0;19160.0;19159.985356800004;19159.985356800004;19159.94040320001;19160.0;19159.955046400006;19160.0;19159.955046400006;19160.0;19159.985356800004;19160.0;19160.0;19160.0;19160.0;19160.0;19160.0;19160.0;19160.0;19160.0;19160.0;19159.977523200003;19160.0;19160.0;19160.0;19160.0;19159.977523200003;19159.9848448;19159.955046400006;19160.0;19160.0;19160.0;19160.0;19160.0;19160.0;19160.0;19160.0;19160.0;19160.0;19160.0;19159.977523200003;19159.977523200003;19159.9848448;19159.977523200003;19159.9848448;19160.0;19159.977523200003;19160.0;19160.0;19160.0;
31.40345323711621;19160.0;19160.0;19159.985356800004;19159.985356800004;19159.94040320001;19160.0;19159.955046400006;19160.0;19159.955046400006;19160.0;19159.985356800004;19160.0;19160.0;19160.0;19160.0;19160.0;19160.0;19160.0;19160.0;19160.0;19160.0;19159.977523200003;19160.0;19160.0;19160.0;19160.0;19159.977523200003;19159.9848448;19159.955046400006;19160.0;19160.0;19160.0;19160.0;19160.0;19160.0;19160.0;19160.0;19160.0;19160.0;19160.0;19159.962368000004;19159.977523200003;19159.9848448;19159.977523200003;19159.9848448;19160.0;19159.977523200003;19160.0;19160.0;19160.0;
31.40633458472128;19160.0;19160.0;19159.985356800004;19159.985356800004;19159.94040320001;19160.0;19159.955046400006;19160.0;19159.955046400006;19160.0;19159.985356800004;19160.0;19160.0;19160.0;19160.0;19160.0;19160.0;19160.0;19160.0;19160.0;19160.0;19159.977523200003;19160.0;19160.0;19160.0;19160.0;19159.977523200003;19159.9848448;19159.955046400006;19160.0;19160.0;19160.0;19160.0;19160.0;19160.0;19160.0;19160.0;19160.0;19160.0;19160.0;19159.962368000004;19159.977523200003;19159.9848448;19159.977523200003;19159.9848448;19160.0;19159.977523200003;19160.0;19160.0;19160.0;
31.409330322611027;19160.0;19160.0;19159.985356800004;19159.985356800004;19159.94040320001;19160.0;19159.955046400006;19160.0;19159.955046400006;19160.0;19159.985356800004;19160.0;19160.0;19160.0;19160.0;19160.0;19160.0;19160.0;19160.0;19160.0;19160.0;19159.977523200003;19160.0;19160.0;19160.0;19160.0;19159.977523200003;19159.9848448;19159.955046400006;19160.0;19160.0;19160.0;19160.0;19160.0;19160.0;19160.0;19160.0;19160.0;19160.0;19160.0;19159.962368000004;19159.977523200003;19159.9848448;19159.977523200003;19159.9848448;19160.0;19159.977523200003;19160.0;19160.0;19160.0;
31.703453237116207;19160.0;19160.0;19159.985356800004;19159.985356800004;19159.94040320001;19160.0;19159.955046400006;19160.0;19159.955046400006;19160.0;19159.985356800004;19160.0;19160.0;19160.0;19160.0;19160.0;19160.0;19160.0;19160.0;19160.0;19160.0;19159.977523200003;19160.0;19160.0;19160.0;19160.0;19159.977523200003;19159.9848448;19159.955046400006;19160.0;19160.0;19160.0;19160.0;19160.0;19160.0;19160.0;19160.0;19160.0;19160.0;19160.0;19159.962368000004;19159.977523200003;19159.9848448;19159.977523200003;19159.9848448;19160.0;19159.977523200003;19160.0;19160.0;19160.0;
32.41857916185875;19160.0;19160.0;19159.985356800004;19159.985356800004;19159.94040320001;19160.0;19159.955046400006;19160.0;19159.955046400006;19160.0;19159.985356800004;19160.0;19160.0;19160.0;19160.0;19160.0;19160.0;19160.0;19160.0;19160.0;19160.0;19159.977523200003;19160.0;19160.0;19160.0;19160.0;19159.977523200003;19159.9848448;19159.955046400006;19160.0;19160.0;19160.0;19160.0;19160.0;19160.0;19160.0;19160.0;19160.0;19160.0;19160.0;19159.962368000004;19159.977523200003;19159.9848448;19159.970201600005;19159.977523200003;19160.0;19159.977523200003;19160.0;19160.0;19160.0;
32.436579005761175;19160.0;19160.0;19159.985356800004;19159.985356800004;19159.94040320001;19160.0;19159.955046400006;19160.0;19159.955046400006;19160.0;19159.985356800004;19160.0;19160.0;19160.0;19160.0;19160.0;19160.0;19160.0;19160.0;19160.0;19160.0;19159.977523200003;19160.0;19160.0;19160.0;19160.0;19159.977523200003;19159.9848448;19159.955046400006;19160.0;19160.0;19160.0;19160.0;19160.0;19160.0;19160.0;19160.0;19160.0;19160.0;19160.0;19159.962368000004;19159.977523200003;19159.9848448;19159.970201600005;19159.970201600005;19159.9926784;19159.977523200003;19160.0;19160.0;19160.0;
32.44258230399309;19160.0;19160.0;19159.985356800004;19159.985356800004;19159.94040320001;19160.0;19159.955046400006;19160.0;19159.955046400006;19160.0;19159.985356800004;19160.0;19160.0;19160.0;19160.0;19160.0;19160.0;19160.0;19160.0;19160.0;19160.0;19159.977523200003;19160.0;19160.0;19160.0;19160.0;19159.977523200003;19159.977523200003;19159.955046400006;19159.9926784;19160.0;19160.0;19160.0;19160.0;19160.0;19160.0;19160.0;19160.0;19160.0;19160.0;19159.962368000004;19159.977523200003;19159.9848448;19159.970201600005;19159.962880000006;19159.9926784;19159.977523200003;19160.0;19160.0;19160.0;
32.4665767142621;19160.0;19160.0;19159.985356800004;19159.985356800004;19159.94040320001;19160.0;19159.955046400006;19160.0;19159.955046400006;19160.0;19159.985356800004;19160.0;19160.0;19160.0;19160.0;19160.0;19160.0;19160.0;19160.0;19160.0;19160.0;19159.977523200003;19160.0;19160.0;19160.0;19160.0;19159.977523200003;19159.977523200003;19159.955046400006;19159.9926784;19160.0;19160.0;19160.0;19160.0;19160.0;19160.0;19160.0;19160.0;19160.0;19159.9926784;19159.962368000004;19159.977523200003;19159.977523200003;19159.970201600005;19159.962880000006;19159.9926784;19159.977523200003;19160.0;19160.0;19160.0;
32.473577198434704;19160.0;19160.0;19159.985356800004;19159.985356800004;19159.94040320001;19160.0;19159.955046400006;19160.0;19159.955046400006;19160.0;19159.985356800004;19160.0;19160.0;19160.0;19160.0;19160.0;19160.0;19160.0;19160.0;19160.0;19160.0;19159.977523200003;19160.0;19160.0;19160.0;19160.0;19159.970201600005;19159.977523200003;19159.955046400006;19159.9926784;19160.0;19160.0;19160.0;19160.0;19160.0;19160.0;19160.0;19160.0;19160.0;19159.9926784;19159.962368000004;19159.970201600005;19159.970201600005;19159.970201600005;19159.962880000006;19159.9926784;19159.977523200003;19160.0;19160.0;19160.0;
32.47458053043258;19160.0;19160.0;19159.985356800004;19159.985356800004;19159.94040320001;19160.0;19159.955046400006;19159.9926784;19159.955046400006;19160.0;19159.985356800004;19160.0;19160.0;19160.0;19160.0;19160.0;19160.0;19160.0;19160.0;19160.0;19160.0;19159.977523200003;19160.0;19160.0;19159.9926784;19160.0;19159.970201600005;19159.970201600005;19159.955046400006;19159.9926784;19160.0;19160.0;19160.0;19160.0;19160.0;19160.0;19160.0;19160.0;19160.0;19159.9926784;19159.962368000004;19159.970201600005;19159.970201600005;19159.970201600005;19159.962880000006;19159.9926784;19159.977523200003;19160.0;19160.0;19160.0;
32.482581548805136;19160.0;19160.0;19159.985356800004;19159.985356800004;19159.94040320001;19160.0;19159.955046400006;19159.9926784;19159.955046400006;19160.0;19159.985356800004;19160.0;19160.0;19160.0;19160.0;19160.0;19160.0;19160.0;19160.0;19160.0;19160.0;19159.977523200003;19160.0;19160.0;19159.9926784;19159.9926784;19159.970201600005;19159.962880000006;19159.955046400006;19159.9926784;19160.0;19160.0;19160.0;19160.0;19160.0;19160.0;19160.0;19160.0;19160.0;19159.9926784;19159.962368000004;19159.970201600005;19159.970201600005;19159.962880000006;19159.962880000006;19159.9926784;19159.977523200003;19160.0;19160.0;19160.0;
32.483584441677024;19160.0;19160.0;19159.985356800004;19159.985356800004;19159.94040320001;19160.0;19159.955046400006;19159.9926784;19159.955046400006;19160.0;19159.985356800004;19160.0;19160.0;19160.0;19160.0;19160.0;19160.0;19160.0;19160.0;19160.0;19160.0;19159.977523200003;19160.0;19160.0;19159.9926784;19159.9926784;19159.970201600005;19159.955558400008;19159.955046400006;19159.985356800004;19160.0;19160.0;19160.0;19160.0;19160.0;19160.0;19160.0;19160.0;19160.0;19159.9926784;19159.962368000004;19159.970201600005;19159.970201600005;19159.962880000006;19159.955558400008;19159.9926784;19159.977523200003;19160.0;19160.0;19160.0;
32.57157645851632;19160.0;19160.0;19159.985356800004;19159.985356800004;19159.94040320001;19160.0;19159.955046400006;19159.9926784;19159.955046400006;19160.0;19159.985356800004;19160.0;19160.0;19160.0;19160.0;19160.0;19160.0;19160.0;19160.0;19160.0;19160.0;19159.977523200003;19160.0;19160.0;19159.9926784;19159.9926784;19159.970201600005;19159.955558400008;19159.955046400006;19159.985356800004;19160.0;19160.0;19160.0;19160.0;19160.0;19160.0;19160.0;19160.0;19160.0;19159.985356800004;19159.962368000004;19159.970201600005;19159.962880000006;19159.962880000006;19159.955558400008;19159.9926784;19159.977523200003;19160.0;19160.0;19160.0;
32.59257586205247;19160.0;19160.0;19159.985356800004;19159.985356800004;19159.94040320001;19160.0;19159.955046400006;19159.9926784;19159.955046400006;19160.0;19159.985356800004;19160.0;19160.0;19160.0;19160.0;19160.0;19160.0;19160.0;19160.0;19160.0;19160.0;19159.977523200003;19160.0;19160.0;19159.9926784;19159.9926784;19159.970201600005;19159.955558400008;19159.955046400006;19159.985356800004;19160.0;19160.0;19160.0;19160.0;19160.0;19160.0;19160.0;19160.0;19160.0;19159.985356800004;19159.962368000004;19159.970201600005;19159.962880000006;19159.962880000006;19159.955558400008;19159.9926784;19159.977523200003;19160.0;19160.0;19160.0;
32.59257586205247;19160.0;19160.0;19159.985356800004;19159.985356800004;19159.94040320001;19160.0;19159.955046400006;19159.9926784;19159.955046400006;19160.0;19159.985356800004;19160.0;19160.0;19160.0;19160.0;19160.0;19160.0;19160.0;19160.0;19160.0;19160.0;19159.977523200003;19160.0;19160.0;19159.9926784;19159.9926784;19159.970201600005;19159.955558400008;19159.955046400006;19159.985356800004;19160.0;19160.0;19160.0;19160.0;19160.0;19160.0;19160.0;19160.0;19160.0;19159.985356800004;19159.962368000004;19159.970201600005;19159.947724800008;19159.962880000006;19159.955558400008;19159.9926784;19159.977523200003;19160.0;19160.0;19160.0;
32.599577081981714;19160.0;19160.0;19159.985356800004;19159.985356800004;19159.94040320001;19160.0;19159.955046400006;19159.9926784;19159.955046400006;19160.0;19159.985356800004;19160.0;19160.0;19160.0;19160.0;19160.0;19160.0;19160.0;19160.0;19160.0;19160.0;19159.977523200003;19160.0;19160.0;19159.9926784;19159.9926784;19159.970201600005;19159.955558400008;19159.955046400006;19159.985356800004;19160.0;19160.0;19160.0;19160.0;19160.0;19160.0;19160.0;19160.0;19160.0;19159.985356800004;19159.962368000004;19159.970201600005;19159.947724800008;19159.962880000006;19159.955558400008;19159.9926784;19159.977523200003;19160.0;19160.0;19160.0;
32.599577081981714;19160.0;19160.0;19159.985356800004;19159.985356800004;19159.94040320001;19160.0;19159.955046400006;19159.9926784;19159.955046400006;19160.0;19159.985356800004;19160.0;19160.0;19160.0;19160.0;19160.0;19160.0;19160.0;19160.0;19160.0;19160.0;19159.977523200003;19160.0;19160.0;19159.9926784;19159.9926784;19159.970201600005;19159.955558400008;19159.955046400006;19159.985356800004;19160.0;19160.0;19160.0;19160.0;19160.0;19160.0;19160.0;19160.0;19160.0;19159.970201600005;19159.962368000004;19159.970201600005;19159.947724800008;19159.962880000006;19159.955558400008;19159.9926784;19159.977523200003;19160.0;19160.0;19160.0;
32.70345323711621;19160.0;19160.0;19159.985356800004;19159.985356800004;19159.94040320001;19160.0;19159.955046400006;19159.9926784;19159.955046400006;19160.0;19159.985356800004;19160.0;19160.0;19160.0;19160.0;19160.0;19160.0;19160.0;19160.0;19160.0;19160.0;19159.977523200003;19160.0;19160.0;19159.9926784;19159.9926784;19159.970201600005;19159.955558400008;19159.955046400006;19159.985356800004;19160.0;19160.0;19160.0;19160.0;19160.0;19160.0;19160.0;19160.0;19160.0;19159.970201600005;19159.962368000004;19159.970201600005;19159.947724800008;19159.962880000006;19159.955558400008;19159.9926784;19159.977523200003;19160.0;19160.0;19160.0;
32.72146824749704;19160.0;19160.0;19159.985356800004;19159.985356800004;19159.94040320001;19160.0;19159.955046400006;19159.9926784;19159.955046400006;19160.0;19159.985356800004;19160.0;19160.0;19160.0;19160.0;19160.0;19160.0;19160.0;19160.0;19160.0;19160.0;19159.977523200003;19160.0;19160.0;19159.9926784;19159.9926784;19159.970201600005;19159.955558400008;19159.955046400006;19159.985356800004;19160.0;19160.0;19160.0;19160.0;19160.0;19160.0;19160.0;19160.0;19160.0;19159.970201600005;19159.962368000004;19159.970201600005;19159.947724800008;19159.962880000006;19159.955558400008;19159.9926784;19159.977523200003;19160.0;19160.0;19160.0;
32.735467873157184;19160.0;19160.0;19159.985356800004;19159.985356800004;19159.94040320001;19160.0;19159.955046400006;19159.9926784;19159.955046400006;19160.0;19159.985356800004;19160.0;19160.0;19160.0;19160.0;19160.0;19160.0;19160.0;19160.0;19160.0;19160.0;19159.977523200003;19160.0;19160.0;19159.9926784;19159.9926784;19159.970201600005;19159.955558400008;19159.955046400006;19159.985356800004;19160.0;19160.0;19160.0;19160.0;19160.0;19160.0;19160.0;19160.0;19160.0;19159.970201600005;19159.962368000004;19159.970201600005;19159.947724800008;19159.962880000006;19159.955558400008;19159.9926784;19159.977523200003;19160.0;19160.0;19160.0;
33.76069908345258;19160.0;19160.0;19159.985356800004;19159.985356800004;19159.94040320001;19160.0;19159.955046400006;19159.9926784;19159.955046400006;19160.0;19159.985356800004;19160.0;19160.0;19160.0;19160.0;19160.0;19160.0;19160.0;19160.0;19160.0;19160.0;19159.977523200003;19160.0;19160.0;19159.9926784;19159.9926784;19159.970201600005;19159.955558400008;19159.955046400006;19159.985356800004;19160.0;19160.0;19160.0;19160.0;19160.0;19160.0;19160.0;19160.0;19160.0;19159.970201600005;19159.955046400006;19159.970201600005;19159.947724800008;19159.955558400008;19159.955558400008;19159.9926784;19159.977523200003;19160.0;19160.0;19160.0;
33.76770030338182;19160.0;19160.0;19159.985356800004;19159.985356800004;19159.94040320001;19160.0;19159.955046400006;19159.9926784;19159.955046400006;19160.0;19159.985356800004;19160.0;19160.0;19160.0;19160.0;19160.0;19160.0;19160.0;19160.0;19160.0;19160.0;19159.977523200003;19160.0;19160.0;19159.9926784;19159.985356800004;19159.970201600005;19159.955558400008;19159.955046400006;19159.985356800004;19160.0;19160.0;19160.0;19160.0;19160.0;19160.0;19160.0;19159.9926784;19160.0;19159.970201600005;19159.947724800008;19159.970201600005;19159.947724800008;19159.955558400008;19159.955558400008;19159.9926784;19159.977523200003;19160.0;19160.0;19160.0;
33.88959146889715;19160.0;19160.0;19159.985356800004;19159.985356800004;19159.94040320001;19160.0;19159.955046400006;19159.9926784;19159.955046400006;19160.0;19159.985356800004;19160.0;19160.0;19160.0;19160.0;19160.0;19160.0;19160.0;19160.0;19160.0;19160.0;19159.977523200003;19160.0;19160.0;19159.9926784;19159.985356800004;19159.970201600005;19159.955558400008;19159.955046400006;19159.985356800004;19160.0;19160.0;19160.0;19160.0;19160.0;19160.0;19160.0;19159.9926784;19160.0;19159.970201600005;19159.947724800008;19159.970201600005;19159.947724800008;19159.955558400008;19159.955558400008;19159.9926784;19159.977523200003;19160.0;19160.0;19160.0;
33.90359109455729;19160.0;19160.0;19159.985356800004;19159.985356800004;19159.94040320001;19160.0;19159.955046400006;19159.9926784;19159.955046400006;19160.0;19159.985356800004;19160.0;19160.0;19160.0;19160.0;19160.0;19160.0;19160.0;19160.0;19160.0;19160.0;19159.977523200003;19160.0;19160.0;19159.9926784;19159.985356800004;19159.970201600005;19159.955558400008;19159.955046400006;19159.985356800004;19160.0;19160.0;19160.0;19160.0;19160.0;19160.0;19160.0;19159.9926784;19160.0;19159.970201600005;19159.947724800008;19159.970201600005;19159.947724800008;19159.955558400008;19159.955558400008;19159.9926784;19159.977523200003;19160.0;19160.0;19160.0;
60.00333333333332;19160.0;19160.0;19159.985356800004;19159.985356800004;19159.94040320001;19160.0;19159.955046400006;19159.9926784;19159.955046400006;19160.0;19159.985356800004;19160.0;19160.0;19160.0;19160.0;19160.0;19160.0;19160.0;19160.0;19160.0;19160.0;19159.977523200003;19160.0;19160.0;19159.9926784;19159.985356800004;19159.970201600005;19159.955558400008;19159.955046400006;19159.985356800004;19160.0;19160.0;19160.0;19160.0;19160.0;19160.0;19160.0;19159.9926784;19160.0;19159.970201600005;19159.947724800008;19159.970201600005;19159.947724800008;19159.955558400008;19159.955558400008;19159.9926784;19159.977523200003;19160.0;19160.0;19160.0;
60.150330908706586;19160.0;19160.0;19159.985356800004;19159.985356800004;19159.94040320001;19160.0;19159.955046400006;19159.9926784;19159.955046400006;19160.0;19159.985356800004;19160.0;19160.0;19160.0;19160.0;19160.0;19160.0;19160.0;19160.0;19160.0;19160.0;19159.977523200003;19160.0;19160.0;19159.9926784;19159.985356800004;19159.970201600005;19159.955558400008;19159.955046400006;19159.985356800004;19160.0;19160.0;19160.0;19160.0;19160.0;19160.0;19160.0;19159.9926784;19160.0;19159.970201600005;19159.947724800008;19159.970201600005;19159.947724800008;19159.955558400008;19159.955558400008;19159.9926784;19159.977523200003;19160.0;19160.0;19160.0;
60.150330908706586;19160.0;19160.0;19159.985356800004;19159.985356800004;19159.94040320001;19160.0;19159.955046400006;19159.9926784;19159.955046400006;19160.0;19159.985356800004;19160.0;19160.0;19160.0;19160.0;19159.9848448;19160.0;19160.0;19160.0;19160.0;19160.0;19159.977523200003;19160.0;19160.0;19159.9926784;19159.985356800004;19159.970201600005;19159.955558400008;19159.955046400006;19159.985356800004;19160.0;19160.0;19160.0;19160.0;19160.0;19160.0;19160.0;19159.9926784;19160.0;19159.970201600005;19159.947724800008;19159.970201600005;19159.947724800008;19159.955558400008;19159.955558400008;19159.9926784;19159.977523200003;19160.0;19160.0;19160.0;
60.45033090870658;19160.0;19160.0;19159.985356800004;19159.985356800004;19159.94040320001;19160.0;19159.955046400006;19159.9926784;19159.955046400006;19160.0;19159.985356800004;19160.0;19160.0;19160.0;19160.0;19159.9848448;19160.0;19160.0;19160.0;19160.0;19160.0;19159.977523200003;19160.0;19160.0;19159.9926784;19159.985356800004;19159.970201600005;19159.955558400008;19159.955046400006;19159.985356800004;19160.0;19160.0;19160.0;19160.0;19160.0;19160.0;19160.0;19159.9926784;19160.0;19159.970201600005;19159.947724800008;19159.970201600005;19159.947724800008;19159.955558400008;19159.955558400008;19159.9926784;19159.977523200003;19160.0;19160.0;19160.0;
61.26845578436105;19160.0;19160.0;19159.985356800004;19159.985356800004;19159.94040320001;19160.0;19159.955046400006;19159.9926784;19159.955046400006;19160.0;19159.985356800004;19160.0;19160.0;19160.0;19160.0;19159.9848448;19160.0;19160.0;19160.0;19160.0;19160.0;19159.977523200003;19160.0;19160.0;19159.9926784;19159.985356800004;19159.970201600005;19159.955558400008;19159.955046400006;19159.985356800004;19160.0;19160.0;19160.0;19160.0;19160.0;19160.0;19160.0;19159.9926784;19160.0;19159.970201600005;19159.947724800008;19159.970201600005;19159.947724800008;19159.955558400008;19159.955558400008;19159.9926784;19159.977523200003;19160.0;19160.0;19160.0;
61.30645730903246;19160.0;19160.0;19159.985356800004;19159.985356800004;19159.94040320001;19160.0;19159.955046400006;19159.9926784;19159.955046400006;19160.0;19159.985356800004;19160.0;19160.0;19160.0;19160.0;19159.9848448;19160.0;19160.0;19160.0;19160.0;19160.0;19159.977523200003;19160.0;19160.0;19159.9926784;19159.985356800004;19159.970201600005;19159.955558400008;19159.955046400006;19159.985356800004;19160.0;19160.0;19160.0;19160.0;19160.0;19160.0;19160.0;19159.9926784;19160.0;19159.970201600005;19159.947724800008;19159.970201600005;19159.947724800008;19159.955558400008;19159.955558400008;19159.9926784;19159.977523200003;19160.0;19160.0;19160.0;
61.3154612202769;19160.0;19160.0;19159.985356800004;19159.985356800004;19159.94040320001;19160.0;19159.955046400006;19159.9926784;19159.955046400006;19160.0;19159.985356800004;19160.0;19160.0;19160.0;19160.0;19159.9848448;19160.0;19160.0;19160.0;19160.0;19160.0;19159.977523200003;19160.0;19160.0;19159.9926784;19159.985356800004;19159.970201600005;19159.955558400008;19159.955046400006;19159.985356800004;19160.0;19160.0;19160.0;19160.0;19160.0;19160.0;19160.0;19159.9926784;19160.0;19159.970201600005;19159.947724800008;19159.970201600005;19159.947724800008;19159.955558400008;19159.955558400008;19159.9926784;19159.977523200003;19160.0;19160.0;19160.0;
61.3184541301067;19160.0;19160.0;19159.978035200005;19159.985356800004;19159.94040320001;19160.0;19159.955046400006;19159.9926784;19159.955046400006;19160.0;19159.985356800004;19160.0;19160.0;19159.9926784;19160.0;19159.9848448;19160.0;19160.0;19160.0;19160.0;19160.0;19159.977523200003;19160.0;19160.0;19159.9926784;19159.985356800004;19159.970201600005;19159.955558400008;19159.955046400006;19159.985356800004;19160.0;19160.0;19160.0;19160.0;19160.0;19160.0;19160.0;19159.9926784;19160.0;19159.970201600005;19159.947724800008;19159.970201600005;19159.947724800008;19159.955558400008;19159.955558400008;19159.9926784;19159.977523200003;19160.0;19160.0;19160.0;
61.34345436675323;19160.0;19160.0;19159.978035200005;19159.985356800004;19159.94040320001;19160.0;19159.955046400006;19159.9926784;19159.955046400006;19160.0;19159.985356800004;19160.0;19160.0;19159.9926784;19160.0;19159.9848448;19160.0;19160.0;19160.0;19160.0;19160.0;19159.977523200003;19160.0;19160.0;19159.9926784;19159.985356800004;19159.970201600005;19159.955558400008;19159.955046400006;19159.985356800004;19160.0;19160.0;19160.0;19160.0;19160.0;19160.0;19160.0;19159.9926784;19160.0;19159.970201600005;19159.947724800008;19159.970201600005;19159.947724800008;19159.955558400008;19159.955558400008;19159.9926784;19159.977523200003;19160.0;19160.0;19160.0;
61.34345436675323;19160.0;19160.0;19159.978035200005;19159.985356800004;19159.94040320001;19160.0;19159.955046400006;19159.9926784;19159.955046400006;19160.0;19159.985356800004;19160.0;19160.0;19159.977523200003;19160.0;19159.9848448;19160.0;19160.0;19160.0;19160.0;19160.0;19159.977523200003;19160.0;19160.0;19159.9926784;19159.985356800004;19159.970201600005;19159.955558400008;19159.955046400006;19159.985356800004;19160.0;19160.0;19160.0;19160.0;19160.0;19160.0;19160.0;19159.9926784;19160.0;19159.970201600005;19159.947724800008;19159.970201600005;19159.947724800008;19159.955558400008;19159.955558400008;19159.9926784;19159.977523200003;19160.0;19160.0;19160.0;
61.35045354123535;19160.0;19160.0;19159.978035200005;19159.985356800004;19159.94040320001;19160.0;19159.955046400006;19159.9926784;19159.955046400006;19160.0;19159.985356800004;19160.0;19160.0;19159.977523200003;19160.0;19159.9848448;19160.0;19160.0;19160.0;19160.0;19160.0;19159.977523200003;19160.0;19160.0;19159.9926784;19159.985356800004;19159.970201600005;19159.955558400008;19159.955046400006;19159.985356800004;19160.0;19160.0;19160.0;19160.0;19160.0;19160.0;19160.0;19159.9926784;19160.0;19159.970201600005;19159.947724800008;19159.970201600005;19159.947724800008;19159.955558400008;19159.955558400008;19159.9926784;19159.977523200003;19160.0;19160.0;19160.0;
61.35045354123535;19160.0;19160.0;19159.962880000006;19159.985356800004;19159.94040320001;19160.0;19159.955046400006;19159.9926784;19159.955046400006;19160.0;19159.985356800004;19160.0;19160.0;19159.977523200003;19160.0;19159.9848448;19160.0;19160.0;19160.0;19160.0;19160.0;19159.977523200003;19160.0;19160.0;19159.9926784;19159.985356800004;19159.970201600005;19159.955558400008;19159.955046400006;19159.985356800004;19160.0;19160.0;19160.0;19160.0;19160.0;19160.0;19160.0;19159.9926784;19160.0;19159.970201600005;19159.947724800008;19159.970201600005;19159.947724800008;19159.955558400008;19159.955558400008;19159.9926784;19159.977523200003;19160.0;19160.0;19160.0;
61.45033090870659;19160.0;19160.0;19159.962880000006;19159.985356800004;19159.94040320001;19160.0;19159.955046400006;19159.9926784;19159.955046400006;19160.0;19159.985356800004;19160.0;19160.0;19159.977523200003;19160.0;19159.9848448;19160.0;19160.0;19160.0;19160.0;19160.0;19159.977523200003;19160.0;19160.0;19159.9926784;19159.985356800004;19159.970201600005;19159.955558400008;19159.955046400006;19159.985356800004;19160.0;19160.0;19160.0;19160.0;19160.0;19160.0;19160.0;19159.9926784;19160.0;19159.970201600005;19159.947724800008;19159.970201600005;19159.947724800008;19159.955558400008;19159.955558400008;19159.9926784;19159.977523200003;19160.0;19160.0;19160.0;
62.43657900576117;19160.0;19160.0;19159.962880000006;19159.985356800004;19159.94040320001;19160.0;19159.955046400006;19159.9926784;19159.955046400006;19160.0;19159.985356800004;19160.0;19160.0;19159.977523200003;19160.0;19159.9848448;19160.0;19160.0;19160.0;19160.0;19160.0;19159.977523200003;19160.0;19160.0;19159.9926784;19159.985356800004;19159.970201600005;19159.955558400008;19159.955046400006;19159.985356800004;19160.0;19160.0;19160.0;19160.0;19160.0;19160.0;19160.0;19159.9926784;19160.0;19159.970201600005;19159.947724800008;19159.970201600005;19159.947724800008;19159.955558400008;19159.955558400008;19159.9926784;19159.977523200003;19160.0;19160.0;19160.0;
62.473577198434704;19160.0;19160.0;19159.962880000006;19159.985356800004;19159.94040320001;19160.0;19159.955046400006;19159.9926784;19159.955046400006;19160.0;19159.985356800004;19160.0;19160.0;19159.977523200003;19160.0;19159.9848448;19160.0;19160.0;19160.0;19160.0;19160.0;19159.977523200003;19160.0;19160.0;19159.9926784;19159.985356800004;19159.970201600005;19159.955558400008;19159.955046400006;19159.985356800004;19160.0;19160.0;19160.0;19160.0;19160.0;19160.0;19160.0;19159.9926784;19160.0;19159.970201600005;19159.947724800008;19159.970201600005;19159.947724800008;19159.955558400008;19159.955558400008;19159.9926784;19159.977523200003;19160.0;19160.0;19160.0;
62.474580530432576;19160.0;19160.0;19159.962880000006;19159.985356800004;19159.94040320001;19160.0;19159.955046400006;19159.9926784;19159.955046400006;19160.0;19159.985356800004;19160.0;19160.0;19159.977523200003;19160.0;19159.9848448;19160.0;19160.0;19160.0;19160.0;19160.0;19159.977523200003;19160.0;19160.0;19159.9926784;19159.985356800004;19159.970201600005;19159.955558400008;19159.955046400006;19159.985356800004;19160.0;19160.0;19160.0;19160.0;19160.0;19160.0;19160.0;19159.9926784;19160.0;19159.970201600005;19159.947724800008;19159.970201600005;19159.947724800008;19159.955558400008;19159.955558400008;19159.9926784;19159.977523200003;19160.0;19160.0;19160.0;
62.48358444167701;19160.0;19160.0;19159.962880000006;19159.985356800004;19159.94040320001;19160.0;19159.955046400006;19159.9926784;19159.955046400006;19160.0;19159.985356800004;19160.0;19160.0;19159.977523200003;19160.0;19159.9848448;19160.0;19160.0;19160.0;19160.0;19160.0;19159.977523200003;19160.0;19160.0;19159.9926784;19159.985356800004;19159.970201600005;19159.955558400008;19159.955046400006;19159.985356800004;19160.0;19160.0;19160.0;19160.0;19160.0;19160.0;19160.0;19159.9926784;19160.0;19159.970201600005;19159.947724800008;19159.970201600005;19159.947724800008;19159.955558400008;19159.955558400008;19159.9926784;19159.977523200003;19160.0;19160.0;19160.0;
62.51157758815334;19160.0;19160.0;19159.962880000006;19159.985356800004;19159.94040320001;19160.0;19159.955046400006;19159.9926784;19159.955046400006;19160.0;19159.985356800004;19160.0;19160.0;19159.977523200003;19159.9926784;19159.977523200003;19160.0;19160.0;19160.0;19160.0;19160.0;19159.977523200003;19160.0;19160.0;19159.9926784;19159.985356800004;19159.970201600005;19159.955558400008;19159.955046400006;19159.985356800004;19160.0;19160.0;19160.0;19160.0;19160.0;19160.0;19160.0;19159.9926784;19160.0;19159.970201600005;19159.947724800008;19159.970201600005;19159.947724800008;19159.955558400008;19159.955558400008;19159.9926784;19159.977523200003;19160.0;19160.0;19160.0;
62.51857676263546;19159.9926784;19160.0;19159.962880000006;19159.985356800004;19159.94040320001;19160.0;19159.955046400006;19159.9926784;19159.947724800008;19160.0;19159.985356800004;19160.0;19160.0;19159.977523200003;19159.9926784;19159.970201600005;19160.0;19160.0;19160.0;19160.0;19160.0;19159.977523200003;19160.0;19160.0;19159.9926784;19159.985356800004;19159.970201600005;19159.955558400008;19159.955046400006;19159.985356800004;19160.0;19160.0;19160.0;19160.0;19160.0;19160.0;19160.0;19159.9926784;19160.0;19159.970201600005;19159.947724800008;19159.970201600005;19159.947724800008;19159.955558400008;19159.955558400008;19159.9926784;19159.977523200003;19160.0;19160.0;19160.0;
62.552575572241814;19159.9926784;19160.0;19159.962880000006;19159.985356800004;19159.94040320001;19160.0;19159.955046400006;19159.9926784;19159.947724800008;19160.0;19159.985356800004;19160.0;19160.0;19159.977523200003;19159.9926784;19159.970201600005;19160.0;19160.0;19160.0;19160.0;19160.0;19159.977523200003;19160.0;19160.0;19159.9926784;19159.985356800004;19159.970201600005;19159.955558400008;19159.955046400006;19159.985356800004;19160.0;19160.0;19160.0;19160.0;19160.0;19160.0;19160.0;19159.9926784;19160.0;19159.970201600005;19159.947724800008;19159.970201600005;19159.947724800008;19159.955558400008;19159.955558400008;19159.9926784;19159.977523200003;19160.0;19160.0;19160.0;
62.552575572241814;19159.9926784;19160.0;19159.962880000006;19159.985356800004;19159.94040320001;19160.0;19159.955046400006;19159.9926784;19159.947724800008;19160.0;19159.985356800004;19160.0;19160.0;19159.977523200003;19159.9926784;19159.970201600005;19160.0;19160.0;19160.0;19160.0;19160.0;19159.977523200003;19160.0;19160.0;19159.9926784;19159.985356800004;19159.970201600005;19159.955558400008;19159.955046400006;19159.985356800004;19160.0;19160.0;19160.0;19160.0;19160.0;19160.0;19160.0;19159.9926784;19160.0;19159.970201600005;19159.947724800008;19159.955046400006;19159.947724800008;19159.955558400008;19159.955558400008;19159.9926784;19159.977523200003;19160.0;19160.0;19160.0;
62.592575862052456;19159.9926784;19160.0;19159.962880000006;19159.985356800004;19159.94040320001;19160.0;19159.955046400006;19159.9926784;19159.947724800008;19160.0;19159.985356800004;19160.0;19160.0;19159.977523200003;19159.9926784;19159.970201600005;19160.0;19160.0;19160.0;19160.0;19160.0;19159.977523200003;19160.0;19160.0;19159.9926784;19159.985356800004;19159.970201600005;19159.955558400008;19159.955046400006;19159.985356800004;19160.0;19160.0;19160.0;19160.0;19160.0;19160.0;19160.0;19159.9926784;19160.0;19159.970201600005;19159.947724800008;19159.955046400006;19159.947724800008;19159.955558400008;19159.955558400008;19159.9926784;19159.977523200003;19160.0;19160.0;19160.0;
62.59957708198171;19159.9926784;19160.0;19159.962880000006;19159.985356800004;19159.94040320001;19160.0;19159.955046400006;19159.9926784;19159.947724800008;19160.0;19159.985356800004;19160.0;19160.0;19159.977523200003;19159.9926784;19159.970201600005;19160.0;19160.0;19160.0;19160.0;19160.0;19159.977523200003;19160.0;19160.0;19159.9926784;19159.985356800004;19159.970201600005;19159.955558400008;19159.955046400006;19159.985356800004;19160.0;19160.0;19160.0;19160.0;19160.0;19160.0;19160.0;19159.9926784;19160.0;19159.970201600005;19159.947724800008;19159.955046400006;19159.947724800008;19159.955558400008;19159.955558400008;19159.9926784;19159.977523200003;19160.0;19160.0;19160.0;
62.721468247497036;19159.9926784;19160.0;19159.962880000006;19159.985356800004;19159.94040320001;19160.0;19159.955046400006;19159.9926784;19159.947724800008;19160.0;19159.985356800004;19160.0;19160.0;19159.977523200003;19159.9926784;19159.970201600005;19160.0;19160.0;19160.0;19160.0;19160.0;19159.977523200003;19160.0;19160.0;19159.9926784;19159.985356800004;19159.970201600005;19159.955558400008;19159.955046400006;19159.985356800004;19160.0;19160.0;19160.0;19160.0;19160.0;19160.0;19160.0;19159.9926784;19160.0;19159.970201600005;19159.947724800008;19159.955046400006;19159.947724800008;19159.955558400008;19159.955558400008;19159.9926784;19159.977523200003;19160.0;19160.0;19160.0;
62.74257160159638;19159.9926784;19160.0;19159.962880000006;19159.985356800004;19159.94040320001;19160.0;19159.955046400006;19159.9926784;19159.947724800008;19160.0;19159.985356800004;19160.0;19160.0;19159.977523200003;19159.9926784;19159.970201600005;19160.0;19160.0;19160.0;19160.0;19160.0;19159.977523200003;19160.0;19160.0;19159.9926784;19159.985356800004;19159.970201600005;19159.955558400008;19159.955046400006;19159.985356800004;19160.0;19160.0;19160.0;19160.0;19160.0;19160.0;19160.0;19159.9926784;19160.0;19159.970201600005;19159.947724800008;19159.955046400006;19159.947724800008;19159.955558400008;19159.955558400008;19159.9926784;19159.977523200003;19160.0;19160.0;19160.0;
62.74257160159638;19159.9926784;19160.0;19159.962880000006;19159.985356800004;19159.94040320001;19160.0;19159.955046400006;19159.9926784;19159.947724800008;19160.0;19159.985356800004;19160.0;19160.0;19159.977523200003;19159.9926784;19159.970201600005;19160.0;19160.0;19160.0;19160.0;19160.0;19159.977523200003;19160.0;19160.0;19159.9926784;19159.985356800004;19159.970201600005;19159.955558400008;19159.955046400006;19159.985356800004;19160.0;19160.0;19160.0;19160.0;19160.0;19160.0;19160.0;19159.9926784;19160.0;19159.970201600005;19159.947724800008;19159.955046400006;19159.93256960001;19159.955558400008;19159.955558400008;19159.9926784;19159.977523200003;19160.0;19160.0;19160.0;
62.852575572241825;19159.9926784;19160.0;19159.962880000006;19159.985356800004;19159.94040320001;19160.0;19159.955046400006;19159.9926784;19159.947724800008;19160.0;19159.985356800004;19160.0;19160.0;19159.977523200003;19159.9926784;19159.970201600005;19160.0;19160.0;19160.0;19160.0;19160.0;19159.977523200003;19160.0;19160.0;19159.9926784;19159.985356800004;19159.970201600005;19159.955558400008;19159.955046400006;19159.985356800004;19160.0;19160.0;19160.0;19160.0;19160.0;19160.0;19160.0;19159.9926784;19160.0;19159.970201600005;19159.947724800008;19159.955046400006;19159.93256960001;19159.955558400008;19159.955558400008;19159.9926784;19159.977523200003;19160.0;19160.0;19160.0;
63.042571601596386;19159.9926784;19160.0;19159.962880000006;19159.985356800004;19159.94040320001;19160.0;19159.955046400006;19159.9926784;19159.947724800008;19160.0;19159.985356800004;19160.0;19160.0;19159.977523200003;19159.9926784;19159.970201600005;19160.0;19160.0;19160.0;19160.0;19160.0;19159.977523200003;19160.0;19160.0;19159.9926784;19159.985356800004;19159.970201600005;19159.955558400008;19159.955046400006;19159.985356800004;19160.0;19160.0;19160.0;19160.0;19160.0;19160.0;19160.0;19159.9926784;19160.0;19159.970201600005;19159.947724800008;19159.955046400006;19159.93256960001;19159.955558400008;19159.955558400008;19159.9926784;19159.977523200003;19160.0;19160.0;19160.0;
63.720698793641944;19159.9926784;19160.0;19159.962880000006;19159.985356800004;19159.94040320001;19160.0;19159.955046400006;19159.9926784;19159.947724800008;19160.0;19159.985356800004;19160.0;19160.0;19159.977523200003;19159.9926784;19159.970201600005;19160.0;19160.0;19160.0;19160.0;19160.0;19159.977523200003;19160.0;19160.0;19159.9926784;19159.985356800004;19159.970201600005;19159.955558400008;19159.955046400006;19159.985356800004;19160.0;19160.0;19160.0;19160.0;19160.0;19160.0;19160.0;19159.9926784;19160.0;19159.970201600005;19159.947724800008;19159.955046400006;19159.93256960001;19159.94823680001;19159.94823680001;19159.9926784;19159.977523200003;19160.0;19160.0;19160.0;
63.75969873545683;19159.9926784;19160.0;19159.962880000006;19159.985356800004;19159.94040320001;19160.0;19159.955046400006;19159.9926784;19159.947724800008;19160.0;19159.985356800004;19160.0;19160.0;19159.977523200003;19159.9926784;19159.970201600005;19160.0;19160.0;19160.0;19160.0;19160.0;19159.977523200003;19160.0;19160.0;19159.9926784;19159.985356800004;19159.970201600005;19159.955558400008;19159.955046400006;19159.985356800004;19160.0;19160.0;19160.0;19160.0;19160.0;19160.0;19160.0;19159.9926784;19160.0;19159.970201600005;19159.947724800008;19159.955046400006;19159.93256960001;19159.94823680001;19159.94823680001;19159.9926784;19159.977523200003;19160.0;19160.0;19160.0;
63.75969873545683;19159.9926784;19160.0;19159.962880000006;19159.985356800004;19159.94040320001;19160.0;19159.955046400006;19159.9926784;19159.947724800008;19160.0;19159.985356800004;19160.0;19160.0;19159.977523200003;19159.9926784;19159.970201600005;19160.0;19160.0;19160.0;19160.0;19160.0;19159.977523200003;19160.0;19160.0;19159.9926784;19159.985356800004;19159.970201600005;19159.955558400008;19159.955046400006;19159.985356800004;19160.0;19160.0;19160.0;19160.0;19160.0;19160.0;19160.0;19159.9926784;19160.0;19159.970201600005;19159.947724800008;19159.955046400006;19159.93256960001;19159.94823680001;19159.93308160001;19159.9926784;19159.977523200003;19160.0;19160.0;19160.0;
63.759699396781755;19159.9926784;19160.0;19159.962880000006;19159.985356800004;19159.94040320001;19160.0;19159.955046400006;19159.9926784;19159.947724800008;19160.0;19159.985356800004;19160.0;19160.0;19159.977523200003;19159.9926784;19159.970201600005;19160.0;19160.0;19160.0;19160.0;19160.0;19159.977523200003;19160.0;19160.0;19159.9926784;19159.985356800004;19159.970201600005;19159.955558400008;19159.955046400006;19159.985356800004;19160.0;19160.0;19160.0;19160.0;19160.0;19160.0;19160.0;19159.9926784;19160.0;19159.970201600005;19159.947724800008;19159.955046400006;19159.93256960001;19159.94823680001;19159.93308160001;19159.9926784;19159.977523200003;19160.0;19160.0;19160.0;
63.759699396781755;19159.9926784;19160.0;19159.962880000006;19159.985356800004;19159.94040320001;19160.0;19159.955046400006;19159.9926784;19159.947724800008;19160.0;19159.985356800004;19160.0;19160.0;19159.977523200003;19159.9926784;19159.970201600005;19160.0;19160.0;19160.0;19160.0;19160.0;19159.977523200003;19160.0;19160.0;19159.9926784;19159.985356800004;19159.970201600005;19159.955558400008;19159.955046400006;19159.985356800004;19160.0;19160.0;19160.0;19160.0;19160.0;19160.0;19160.0;19159.9926784;19160.0;19159.970201600005;19159.947724800008;19159.955046400006;19159.93256960001;19159.93308160001;19159.93308160001;19159.9926784;19159.977523200003;19160.0;19160.0;19160.0;
63.76770030338183;19159.9926784;19160.0;19159.962880000006;19159.985356800004;19159.94040320001;19160.0;19159.955046400006;19159.9926784;19159.947724800008;19160.0;19159.985356800004;19160.0;19160.0;19159.977523200003;19159.9926784;19159.970201600005;19160.0;19160.0;19160.0;19160.0;19160.0;19159.977523200003;19160.0;19160.0;19159.9926784;19159.985356800004;19159.970201600005;19159.955558400008;19159.955046400006;19159.985356800004;19160.0;19160.0;19160.0;19160.0;19160.0;19160.0;19160.0;19159.9926784;19160.0;19159.970201600005;19159.947724800008;19159.955046400006;19159.93256960001;19159.93308160001;19159.93308160001;19159.9926784;19159.977523200003;19160.0;19160.0;19160.0;
63.852575572241825;19159.9926784;19160.0;19159.962880000006;19159.985356800004;19159.94040320001;19160.0;19159.955046400006;19159.9926784;19159.947724800008;19160.0;19159.985356800004;19160.0;19160.0;19159.977523200003;19159.9926784;19159.970201600005;19160.0;19160.0;19160.0;19160.0;19160.0;19159.977523200003;19160.0;19160.0;19159.9926784;19159.985356800004;19159.970201600005;19159.955558400008;19159.955046400006;19159.985356800004;19160.0;19160.0;19160.0;19160.0;19160.0;19160.0;19160.0;19159.9926784;19160.0;19159.970201600005;19159.947724800008;19159.955046400006;19159.93256960001;19159.93308160001;19159.93308160001;19159.9926784;19159.977523200003;19160.0;19160.0;19160.0;
63.88959146889716;19159.9926784;19160.0;19159.962880000006;19159.985356800004;19159.94040320001;19160.0;19159.955046400006;19159.9926784;19159.947724800008;19160.0;19159.985356800004;19160.0;19160.0;19159.977523200003;19159.9926784;19159.970201600005;19160.0;19160.0;19160.0;19160.0;19160.0;19159.977523200003;19160.0;19160.0;19159.9926784;19159.985356800004;19159.970201600005;19159.955558400008;19159.955046400006;19159.985356800004;19160.0;19160.0;19160.0;19160.0;19160.0;19160.0;19160.0;19159.9926784;19160.0;19159.970201600005;19159.947724800008;19159.955046400006;19159.93256960001;19159.93308160001;19159.93308160001;19159.9926784;19159.977523200003;19160.0;19160.0;19160.0;
63.9035910945573;19159.9926784;19160.0;19159.962880000006;19159.985356800004;19159.94040320001;19160.0;19159.955046400006;19159.9926784;19159.947724800008;19160.0;19159.985356800004;19160.0;19160.0;19159.977523200003;19159.9926784;19159.970201600005;19160.0;19160.0;19160.0;19160.0;19160.0;19159.977523200003;19160.0;19160.0;19159.9926784;19159.985356800004;19159.970201600005;19159.955558400008;19159.955046400006;19159.985356800004;19160.0;19160.0;19160.0;19160.0;19160.0;19160.0;19160.0;19159.9926784;19160.0;19159.970201600005;19159.947724800008;19159.955046400006;19159.93256960001;19159.93308160001;19159.93308160001;19159.9926784;19159.977523200003;19160.0;19160.0;19160.0;
63.9106948229965;19159.9926784;19160.0;19159.962880000006;19159.985356800004;19159.94040320001;19160.0;19159.955046400006;19159.9926784;19159.947724800008;19160.0;19159.985356800004;19160.0;19160.0;19159.977523200003;19159.9926784;19159.970201600005;19160.0;19160.0;19160.0;19160.0;19160.0;19159.977523200003;19160.0;19160.0;19159.9926784;19159.985356800004;19159.970201600005;19159.955558400008;19159.955046400006;19159.985356800004;19160.0;19160.0;19160.0;19160.0;19160.0;19160.0;19160.0;19159.9926784;19160.0;19159.970201600005;19159.94040320001;19159.955046400006;19159.93256960001;19159.925760000013;19159.93308160001;19159.9926784;19159.977523200003;19160.0;19160.0;19160.0;
63.92469478889706;19159.9926784;19160.0;19159.962880000006;19159.985356800004;19159.94040320001;19160.0;19159.955046400006;19159.9926784;19159.947724800008;19160.0;19159.985356800004;19160.0;19160.0;19159.977523200003;19159.9926784;19159.970201600005;19160.0;19160.0;19160.0;19160.0;19160.0;19159.977523200003;19160.0;19160.0;19159.9926784;19159.985356800004;19159.970201600005;19159.955558400008;19159.955046400006;19159.985356800004;19160.0;19160.0;19160.0;19160.0;19160.0;19160.0;19160.0;19159.9926784;19160.0;19159.970201600005;19159.94040320001;19159.955046400006;19159.93256960001;19159.925760000013;19159.93308160001;19159.9926784;19159.977523200003;19160.0;19160.0;19160.0;
63.92469478889706;19159.9926784;19160.0;19159.962880000006;19159.985356800004;19159.94040320001;19160.0;19159.955046400006;19159.9926784;19159.947724800008;19160.0;19159.985356800004;19160.0;19160.0;19159.977523200003;19159.9926784;19159.970201600005;19160.0;19160.0;19160.0;19160.0;19160.0;19159.977523200003;19160.0;19160.0;19159.9926784;19159.985356800004;19159.970201600005;19159.955558400008;19159.955046400006;19159.985356800004;19160.0;19160.0;19160.0;19160.0;19160.0;19160.0;19160.0;19159.9926784;19160.0;19159.970201600005;19159.92524800001;19159.955046400006;19159.93256960001;19159.925760000013;19159.93308160001;19159.9926784;19159.977523200003;19160.0;19160.0;19160.0;
63.925695054973346;19159.9926784;19160.0;19159.962880000006;19159.985356800004;19159.94040320001;19160.0;19159.955046400006;19159.9926784;19159.947724800008;19160.0;19159.985356800004;19160.0;19160.0;19159.977523200003;19159.9926784;19159.970201600005;19160.0;19160.0;19160.0;19160.0;19160.0;19159.977523200003;19160.0;19160.0;19159.9926784;19159.985356800004;19159.970201600005;19159.955558400008;19159.955046400006;19159.985356800004;19160.0;19160.0;19160.0;19160.0;19160.0;19160.0;19160.0;19159.9926784;19160.0;19159.970201600005;19159.92524800001;19159.955046400006;19159.93256960001;19159.925760000013;19159.93308160001;19159.9926784;19159.977523200003;19160.0;19160.0;19160.0;
63.925695054973346;19159.9926784;19160.0;19159.962880000006;19159.985356800004;19159.94040320001;19160.0;19159.955046400006;19159.9926784;19159.947724800008;19160.0;19159.985356800004;19160.0;19160.0;19159.977523200003;19159.9926784;19159.970201600005;19160.0;19160.0;19160.0;19160.0;19160.0;19159.977523200003;19160.0;19160.0;19159.9926784;19159.985356800004;19159.970201600005;19159.955558400008;19159.955046400006;19159.985356800004;19160.0;19160.0;19160.0;19160.0;19160.0;19160.0;19160.0;19159.9926784;19160.0;19159.970201600005;19159.92524800001;19159.955046400006;19159.93256960001;19159.910604800014;19159.93308160001;19159.9926784;19159.977523200003;19160.0;19160.0;19160.0;
64.04257160159638;19159.9926784;19160.0;19159.962880000006;19159.985356800004;19159.94040320001;19160.0;19159.955046400006;19159.9926784;19159.947724800008;19160.0;19159.985356800004;19160.0;19160.0;19159.977523200003;19159.9926784;19159.970201600005;19160.0;19160.0;19160.0;19160.0;19160.0;19159.977523200003;19160.0;19160.0;19159.9926784;19159.985356800004;19159.970201600005;19159.955558400008;19159.955046400006;19159.985356800004;19160.0;19160.0;19160.0;19160.0;19160.0;19160.0;19160.0;19159.9926784;19160.0;19159.970201600005;19159.92524800001;19159.955046400006;19159.93256960001;19159.910604800014;19159.93308160001;19159.9926784;19159.977523200003;19160.0;19160.0;19160.0;
64.92782195685693;19159.9926784;19160.0;19159.962880000006;19159.985356800004;19159.94040320001;19160.0;19159.955046400006;19159.9926784;19159.947724800008;19160.0;19159.985356800004;19160.0;19160.0;19159.977523200003;19159.9926784;19159.970201600005;19160.0;19160.0;19160.0;19160.0;19160.0;19159.977523200003;19160.0;19160.0;19159.9926784;19159.985356800004;19159.970201600005;19159.955558400008;19159.947724800008;19159.985356800004;19160.0;19160.0;19160.0;19160.0;19160.0;19160.0;19160.0;19159.9926784;19160.0;19159.970201600005;19159.92524800001;19159.947724800008;19159.93256960001;19159.910604800014;19159.93308160001;19159.9926784;19159.970201600005;19160.0;19160.0;19160.0;
64.92782261818186;19159.9926784;19160.0;19159.962880000006;19159.985356800004;19159.94040320001;19160.0;19159.955046400006;19159.9926784;19159.947724800008;19160.0;19159.985356800004;19160.0;19160.0;19159.977523200003;19159.9926784;19159.970201600005;19160.0;19160.0;19160.0;19160.0;19160.0;19159.977523200003;19160.0;19160.0;19159.9926784;19159.985356800004;19159.962880000006;19159.955558400008;19159.947724800008;19159.985356800004;19160.0;19160.0;19160.0;19160.0;19160.0;19160.0;19160.0;19159.9926784;19160.0;19159.970201600005;19159.92524800001;19159.94040320001;19159.92524800001;19159.910604800014;19159.93308160001;19159.9926784;19159.970201600005;19160.0;19160.0;19160.0;
65.04282025093906;19159.9926784;19160.0;19159.962880000006;19159.985356800004;19159.94040320001;19160.0;19159.955046400006;19159.9926784;19159.947724800008;19160.0;19159.985356800004;19160.0;19160.0;19159.977523200003;19159.9926784;19159.970201600005;19160.0;19160.0;19160.0;19160.0;19160.0;19159.977523200003;19160.0;19160.0;19159.9926784;19159.985356800004;19159.962880000006;19159.955558400008;19159.947724800008;19159.985356800004;19160.0;19160.0;19160.0;19160.0;19160.0;19160.0;19160.0;19159.9926784;19160.0;19159.970201600005;19159.92524800001;19159.94040320001;19159.92524800001;19159.910604800014;19159.93308160001;19159.9926784;19159.970201600005;19160.0;19160.0;19160.0;
65.04282025093906;19159.9926784;19160.0;19159.962880000006;19159.985356800004;19159.94040320001;19160.0;19159.955046400006;19159.9926784;19159.947724800008;19160.0;19159.985356800004;19160.0;19160.0;19159.977523200003;19159.9926784;19159.970201600005;19160.0;19160.0;19160.0;19160.0;19160.0;19159.977523200003;19160.0;19160.0;19159.9926784;19159.985356800004;19159.962880000006;19159.955558400008;19159.947724800008;19159.985356800004;19160.0;19160.0;19160.0;19160.0;19160.0;19160.0;19160.0;19159.9926784;19160.0;19159.970201600005;19159.92524800001;19159.92524800001;19159.92524800001;19159.910604800014;19159.93308160001;19159.9926784;19159.970201600005;19160.0;19160.0;19160.0;
65.09281801029717;19159.9926784;19160.0;19159.962880000006;19159.985356800004;19159.94040320001;19160.0;19159.955046400006;19159.9926784;19159.947724800008;19160.0;19159.985356800004;19160.0;19160.0;19159.977523200003;19159.9926784;19159.970201600005;19160.0;19160.0;19160.0;19160.0;19160.0;19159.977523200003;19160.0;19160.0;19159.9926784;19159.985356800004;19159.962880000006;19159.955558400008;19159.947724800008;19159.985356800004;19160.0;19160.0;19160.0;19160.0;19160.0;19160.0;19160.0;19159.9926784;19160.0;19159.962880000006;19159.92524800001;19159.92524800001;19159.917926400012;19159.910604800014;19159.93308160001;19159.9926784;19159.970201600005;19160.0;19160.0;19160.0;
65.09381827637345;19159.9926784;19160.0;19159.962880000006;19159.985356800004;19159.94040320001;19160.0;19159.955046400006;19159.9926784;19159.947724800008;19160.0;19159.985356800004;19160.0;19160.0;19159.977523200003;19159.9926784;19159.970201600005;19160.0;19160.0;19160.0;19160.0;19160.0;19159.977523200003;19160.0;19160.0;19159.9926784;19159.985356800004;19159.955558400008;19159.955558400008;19159.947724800008;19159.985356800004;19160.0;19160.0;19160.0;19160.0;19160.0;19160.0;19160.0;19159.9926784;19160.0;19159.962880000006;19159.92524800001;19159.917926400012;19159.910604800014;19159.910604800014;19159.93308160001;19159.9926784;19159.970201600005;19160.0;19160.0;19160.0;
66.09381827637345;19159.9926784;19160.0;19159.962880000006;19159.985356800004;19159.94040320001;19160.0;19159.955046400006;19159.9926784;19159.947724800008;19160.0;19159.985356800004;19160.0;19160.0;19159.977523200003;19159.9926784;19159.970201600005;19160.0;19160.0;19160.0;19160.0;19160.0;19159.977523200003;19160.0;19160.0;19159.9926784;19159.985356800004;19159.955558400008;19159.955558400008;19159.947724800008;19159.985356800004;19160.0;19160.0;19160.0;19160.0;19160.0;19160.0;19160.0;19159.9926784;19160.0;19159.962880000006;19159.92524800001;19159.917926400012;19159.910604800014;19159.910604800014;19159.93308160001;19159.9926784;19159.970201600005;19160.0;19160.0;19160.0;
66.21094347233917;19159.9926784;19160.0;19159.962880000006;19159.985356800004;19159.94040320001;19160.0;19159.955046400006;19159.9926784;19159.947724800008;19160.0;19159.985356800004;19160.0;19160.0;19159.977523200003;19159.9926784;19159.970201600005;19160.0;19160.0;19160.0;19160.0;19160.0;19159.977523200003;19160.0;19160.0;19159.9926784;19159.985356800004;19159.955558400008;19159.955558400008;19159.947724800008;19159.985356800004;19160.0;19160.0;19160.0;19160.0;19160.0;19160.0;19160.0;19159.9926784;19160.0;19159.962880000006;19159.92524800001;19159.917926400012;19159.910604800014;19159.903283200016;19159.925760000013;19159.9926784;19159.970201600005;19160.0;19160.0;19160.0;
66.23394343802487;19159.9926784;19160.0;19159.962880000006;19159.985356800004;19159.94040320001;19160.0;19159.955046400006;19159.9926784;19159.947724800008;19160.0;19159.985356800004;19160.0;19160.0;19159.977523200003;19159.9926784;19159.970201600005;19160.0;19160.0;19160.0;19160.0;19160.0;19159.977523200003;19160.0;19160.0;19159.9926784;19159.985356800004;19159.955558400008;19159.955558400008;19159.947724800008;19159.985356800004;19160.0;19160.0;19160.0;19160.0;19160.0;19160.0;19160.0;19159.9926784;19160.0;19159.962880000006;19159.92524800001;19159.917926400012;19159.910604800014;19159.903283200016;19159.925760000013;19159.9926784;19159.970201600005;19160.0;19160.0;19160.0;
66.23394343802487;19159.9926784;19160.0;19159.962880000006;19159.985356800004;19159.94040320001;19160.0;19159.955046400006;19159.9926784;19159.947724800008;19160.0;19159.985356800004;19160.0;19160.0;19159.977523200003;19159.9926784;19159.970201600005;19160.0;19160.0;19160.0;19160.0;19160.0;19159.977523200003;19160.0;19160.0;19159.9926784;19159.985356800004;19159.955558400008;19159.955558400008;19159.947724800008;19159.985356800004;19160.0;19160.0;19160.0;19160.0;19160.0;19160.0;19160.0;19159.9926784;19160.0;19159.962880000006;19159.92524800001;19159.917926400012;19159.910604800014;19159.903283200016;19159.910604800014;19159.9926784;19159.970201600005;19160.0;19160.0;19160.0;
66.25694418373484;19159.9926784;19160.0;19159.962880000006;19159.985356800004;19159.94040320001;19160.0;19159.955046400006;19159.9926784;19159.947724800008;19160.0;19159.985356800004;19160.0;19160.0;19159.977523200003;19159.9926784;19159.970201600005;19160.0;19160.0;19160.0;19160.0;19160.0;19159.977523200003;19160.0;19160.0;19159.9926784;19159.985356800004;19159.955558400008;19159.955558400008;19159.947724800008;19159.985356800004;19160.0;19160.0;19160.0;19160.0;19160.0;19160.0;19160.0;19159.9926784;19160.0;19159.962880000006;19159.92524800001;19159.917926400012;19159.910604800014;19159.903283200016;19159.910604800014;19159.9926784;19159.970201600005;19160.0;19160.0;19160.0;
66.25694418373484;19159.9926784;19160.0;19159.962880000006;19159.985356800004;19159.94040320001;19160.0;19159.955046400006;19159.9926784;19159.947724800008;19160.0;19159.985356800004;19160.0;19160.0;19159.977523200003;19159.9926784;19159.970201600005;19160.0;19160.0;19160.0;19160.0;19160.0;19159.977523200003;19160.0;19160.0;19159.9926784;19159.985356800004;19159.955558400008;19159.955558400008;19159.947724800008;19159.985356800004;19160.0;19160.0;19160.0;19160.0;19160.0;19160.0;19160.0;19159.9926784;19160.0;19159.962880000006;19159.92524800001;19159.917926400012;19159.910604800014;19159.888128000017;19159.910604800014;19159.9926784;19159.970201600005;19160.0;19160.0;19160.0;
67.40206665942499;19159.9926784;19160.0;19159.962880000006;19159.985356800004;19159.94040320001;19160.0;19159.955046400006;19159.9926784;19159.947724800008;19160.0;19159.985356800004;19160.0;19160.0;19159.977523200003;19159.9926784;19159.970201600005;19160.0;19160.0;19160.0;19160.0;19160.0;19159.977523200003;19160.0;19160.0;19159.9926784;19159.985356800004;19159.955558400008;19159.955558400008;19159.94040320001;19159.985356800004;19160.0;19160.0;19160.0;19160.0;19160.0;19160.0;19160.0;19159.9926784;19160.0;19159.962880000006;19159.92524800001;19159.910604800014;19159.910604800014;19159.888128000017;19159.910604800014;19159.9926784;19159.962880000006;19160.0;19160.0;19160.0;
67.42506740513497;19159.9926784;19160.0;19159.962880000006;19159.985356800004;19159.94040320001;19160.0;19159.955046400006;19159.9926784;19159.947724800008;19160.0;19159.985356800004;19160.0;19160.0;19159.977523200003;19159.9926784;19159.970201600005;19160.0;19160.0;19160.0;19160.0;19160.0;19159.977523200003;19160.0;19160.0;19159.9926784;19159.985356800004;19159.94823680001;19159.955558400008;19159.94040320001;19159.985356800004;19160.0;19160.0;19160.0;19160.0;19160.0;19160.0;19160.0;19159.9926784;19160.0;19159.962880000006;19159.92524800001;19159.903283200016;19159.903283200016;19159.888128000017;19159.910604800014;19159.9926784;19159.962880000006;19160.0;19160.0;19160.0;
67.54406895595378;19159.9926784;19160.0;19159.962880000006;19159.985356800004;19159.94040320001;19160.0;19159.955046400006;19159.9926784;19159.947724800008;19160.0;19159.985356800004;19160.0;19160.0;19159.977523200003;19159.9926784;19159.970201600005;19160.0;19160.0;19160.0;19160.0;19160.0;19159.977523200003;19160.0;19160.0;19159.9926784;19159.985356800004;19159.94823680001;19159.955558400008;19159.94040320001;19159.985356800004;19160.0;19160.0;19160.0;19160.0;19160.0;19160.0;19160.0;19159.9926784;19160.0;19159.962880000006;19159.92524800001;19159.903283200016;19159.903283200016;19159.888128000017;19159.910604800014;19159.9926784;19159.962880000006;19160.0;19160.0;19160.0;
67.54406895595378;19159.9926784;19160.0;19159.962880000006;19159.985356800004;19159.94040320001;19160.0;19159.955046400006;19159.9926784;19159.947724800008;19160.0;19159.985356800004;19160.0;19160.0;19159.977523200003;19159.9926784;19159.970201600005;19160.0;19160.0;19160.0;19160.0;19160.0;19159.977523200003;19160.0;19160.0;19159.9926784;19159.985356800004;19159.93308160001;19159.955558400008;19159.94040320001;19159.985356800004;19160.0;19160.0;19160.0;19160.0;19160.0;19160.0;19160.0;19159.9926784;19160.0;19159.962880000006;19159.92524800001;19159.903283200016;19159.903283200016;19159.888128000017;19159.910604800014;19159.9926784;19159.962880000006;19160.0;19160.0;19160.0;
67.84406895595377;19159.9926784;19160.0;19159.962880000006;19159.985356800004;19159.94040320001;19160.0;19159.955046400006;19159.9926784;19159.947724800008;19160.0;19159.985356800004;19160.0;19160.0;19159.977523200003;19159.9926784;19159.970201600005;19160.0;19160.0;19160.0;19160.0;19160.0;19159.977523200003;19160.0;19160.0;19159.9926784;19159.985356800004;19159.93308160001;19159.955558400008;19159.94040320001;19159.985356800004;19160.0;19160.0;19160.0;19160.0;19160.0;19160.0;19160.0;19159.9926784;19160.0;19159.962880000006;19159.92524800001;19159.903283200016;19159.903283200016;19159.888128000017;19159.910604800014;19159.9926784;19159.962880000006;19160.0;19160.0;19160.0;
68.71219217735388;19159.9926784;19160.0;19159.962880000006;19159.985356800004;19159.94040320001;19160.0;19159.955046400006;19159.9926784;19159.947724800008;19160.0;19159.985356800004;19160.0;19160.0;19159.977523200003;19159.9926784;19159.970201600005;19160.0;19160.0;19160.0;19160.0;19160.0;19159.977523200003;19160.0;19160.0;19159.9926784;19159.978035200005;19159.93308160001;19159.94823680001;19159.94040320001;19159.985356800004;19160.0;19160.0;19160.0;19160.0;19160.0;19160.0;19160.0;19159.9926784;19160.0;19159.962880000006;19159.92524800001;19159.903283200016;19159.903283200016;19159.88080640002;19159.910604800014;19159.9926784;19159.962880000006;19160.0;19160.0;19160.0;
68.72619239386562;19159.9926784;19160.0;19159.962880000006;19159.985356800004;19159.94040320001;19160.0;19159.955046400006;19159.9926784;19159.947724800008;19160.0;19159.985356800004;19160.0;19160.0;19159.977523200003;19159.9926784;19159.970201600005;19160.0;19160.0;19160.0;19160.0;19160.0;19159.977523200003;19160.0;19160.0;19159.9926784;19159.978035200005;19159.93308160001;19159.94823680001;19159.94040320001;19159.985356800004;19160.0;19160.0;19160.0;19160.0;19160.0;19160.0;19160.0;19159.9926784;19160.0;19159.962880000006;19159.92524800001;19159.903283200016;19159.903283200016;19159.88080640002;19159.910604800014;19159.9926784;19159.962880000006;19160.0;19160.0;19160.0;
68.72619239386562;19159.9926784;19160.0;19159.962880000006;19159.985356800004;19159.94040320001;19160.0;19159.955046400006;19159.9926784;19159.947724800008;19160.0;19159.985356800004;19160.0;19160.0;19159.977523200003;19159.9926784;19159.970201600005;19160.0;19160.0;19160.0;19160.0;19160.0;19159.977523200003;19160.0;19160.0;19159.9926784;19159.978035200005;19159.93308160001;19159.94823680001;19159.94040320001;19159.985356800004;19160.0;19160.0;19160.0;19160.0;19160.0;19160.0;19160.0;19159.9926784;19160.0;19159.962880000006;19159.92524800001;19159.903283200016;19159.903283200016;19159.86565120002;19159.910604800014;19159.9926784;19159.962880000006;19160.0;19160.0;19160.0;
68.7301918867946;19159.9926784;19160.0;19159.962880000006;19159.985356800004;19159.94040320001;19160.0;19159.955046400006;19159.9926784;19159.947724800008;19160.0;19159.985356800004;19160.0;19160.0;19159.977523200003;19159.9926784;19159.970201600005;19160.0;19160.0;19160.0;19160.0;19160.0;19159.977523200003;19160.0;19160.0;19159.9926784;19159.978035200005;19159.93308160001;19159.94823680001;19159.94040320001;19159.985356800004;19160.0;19160.0;19160.0;19160.0;19160.0;19160.0;19160.0;19159.9926784;19160.0;19159.962880000006;19159.92524800001;19159.903283200016;19159.903283200016;19159.86565120002;19159.910604800014;19159.9926784;19159.962880000006;19160.0;19160.0;19160.0;
68.7301918867946;19159.9926784;19160.0;19159.962880000006;19159.985356800004;19159.94040320001;19160.0;19159.955046400006;19159.9926784;19159.947724800008;19160.0;19159.985356800004;19160.0;19160.0;19159.977523200003;19159.9926784;19159.970201600005;19160.0;19160.0;19160.0;19160.0;19160.0;19159.977523200003;19160.0;19160.0;19159.9926784;19159.962880000006;19159.93308160001;19159.94823680001;19159.94040320001;19159.985356800004;19160.0;19160.0;19160.0;19160.0;19160.0;19160.0;19160.0;19159.9926784;19160.0;19159.962880000006;19159.92524800001;19159.903283200016;19159.903283200016;19159.86565120002;19159.910604800014;19159.9926784;19159.962880000006;19160.0;19160.0;19160.0;
68.75919274837558;19159.9926784;19160.0;19159.962880000006;19159.985356800004;19159.94040320001;19160.0;19159.955046400006;19159.9926784;19159.947724800008;19160.0;19159.985356800004;19160.0;19160.0;19159.977523200003;19159.9926784;19159.970201600005;19160.0;19160.0;19160.0;19160.0;19160.0;19159.977523200003;19160.0;19160.0;19159.9926784;19159.962880000006;19159.93308160001;19159.94823680001;19159.94040320001;19159.985356800004;19160.0;19160.0;19160.0;19160.0;19160.0;19160.0;19160.0;19159.9926784;19160.0;19159.962880000006;19159.92524800001;19159.903283200016;19159.903283200016;19159.86565120002;19159.910604800014;19159.9926784;19159.962880000006;19160.0;19160.0;19160.0;
68.75919274837558;19159.9926784;19160.0;19159.962880000006;19159.985356800004;19159.94040320001;19160.0;19159.955046400006;19159.9926784;19159.947724800008;19160.0;19159.985356800004;19160.0;19160.0;19159.977523200003;19159.9926784;19159.970201600005;19160.0;19160.0;19160.0;19160.0;19160.0;19159.977523200003;19160.0;19160.0;19159.9926784;19159.962880000006;19159.93308160001;19159.93308160001;19159.94040320001;19159.985356800004;19160.0;19160.0;19160.0;19160.0;19160.0;19160.0;19160.0;19159.9926784;19160.0;19159.962880000006;19159.92524800001;19159.903283200016;19159.903283200016;19159.86565120002;19159.910604800014;19159.9926784;19159.962880000006;19160.0;19160.0;19160.0;
68.84406895595379;19159.9926784;19160.0;19159.962880000006;19159.985356800004;19159.94040320001;19160.0;19159.955046400006;19159.9926784;19159.947724800008;19160.0;19159.985356800004;19160.0;19160.0;19159.977523200003;19159.9926784;19159.970201600005;19160.0;19160.0;19160.0;19160.0;19160.0;19159.977523200003;19160.0;19160.0;19159.9926784;19159.962880000006;19159.93308160001;19159.93308160001;19159.94040320001;19159.985356800004;19160.0;19160.0;19160.0;19160.0;19160.0;19160.0;19160.0;19159.9926784;19160.0;19159.962880000006;19159.92524800001;19159.903283200016;19159.903283200016;19159.86565120002;19159.910604800014;19159.9926784;19159.962880000006;19160.0;19160.0;19160.0;
69.89431561526574;19159.9926784;19160.0;19159.962880000006;19159.985356800004;19159.94040320001;19160.0;19159.955046400006;19159.9926784;19159.947724800008;19160.0;19159.985356800004;19160.0;19160.0;19159.977523200003;19159.9926784;19159.970201600005;19160.0;19160.0;19160.0;19160.0;19160.0;19159.977523200003;19160.0;19160.0;19159.9926784;19159.962880000006;19159.925760000013;19159.93308160001;19159.94040320001;19159.985356800004;19160.0;19160.0;19160.0;19160.0;19160.0;19160.0;19160.0;19159.9926784;19160.0;19159.962880000006;19159.92524800001;19159.895961600017;19159.895961600017;19159.86565120002;19159.910604800014;19159.9926784;19159.962880000006;19160.0;19160.0;19160.0;
69.89831510819472;19159.9926784;19160.0;19159.962880000006;19159.985356800004;19159.94040320001;19160.0;19159.955046400006;19159.9926784;19159.947724800008;19160.0;19159.985356800004;19160.0;19160.0;19159.977523200003;19159.9926784;19159.970201600005;19160.0;19160.0;19160.0;19159.9926784;19160.0;19159.977523200003;19160.0;19160.0;19159.9926784;19159.962880000006;19159.918438400015;19159.93308160001;19159.94040320001;19159.985356800004;19160.0;19160.0;19160.0;19160.0;19160.0;19160.0;19160.0;19159.9926784;19160.0;19159.955558400008;19159.92524800001;19159.895961600017;19159.895961600017;19159.86565120002;19159.910604800014;19159.9926784;19159.962880000006;19160.0;19160.0;19160.0;
69.9273159697757;19159.9926784;19160.0;19159.962880000006;19159.985356800004;19159.94040320001;19160.0;19159.955046400006;19159.9926784;19159.947724800008;19160.0;19159.985356800004;19160.0;19160.0;19159.977523200003;19159.9926784;19159.970201600005;19160.0;19160.0;19160.0;19159.9926784;19160.0;19159.970201600005;19160.0;19160.0;19159.9926784;19159.962880000006;19159.911116800016;19159.93308160001;19159.93308160001;19159.985356800004;19160.0;19160.0;19160.0;19160.0;19160.0;19160.0;19160.0;19159.9926784;19160.0;19159.955558400008;19159.92524800001;19159.895961600017;19159.895961600017;19159.86565120002;19159.910604800014;19159.9926784;19159.962880000006;19160.0;19160.0;19160.0;
90.00333333333334;19159.9926784;19160.0;19159.962880000006;19159.985356800004;19159.94040320001;19160.0;19159.955046400006;19159.9926784;19159.947724800008;19160.0;19159.985356800004;19160.0;19160.0;19159.977523200003;19159.9926784;19159.970201600005;19160.0;19160.0;19160.0;19159.9926784;19160.0;19159.970201600005;19160.0;19160.0;19159.9926784;19159.962880000006;19159.911116800016;19159.93308160001;19159.93308160001;19159.985356800004;19160.0;19160.0;19160.0;19160.0;19160.0;19160.0;19160.0;19159.9926784;19160.0;19159.955558400008;19159.92524800001;19159.895961600017;19159.895961600017;19159.86565120002;19159.910604800014;19159.9926784;19159.962880000006;19160.0;19160.0;19160.0;
90.15133594903926;19159.9926784;19160.0;19159.962880000006;19159.985356800004;19159.94040320001;19160.0;19159.955046400006;19159.9926784;19159.947724800008;19160.0;19159.985356800004;19160.0;19160.0;19159.977523200003;19159.9926784;19159.970201600005;19160.0;19160.0;19160.0;19159.9926784;19160.0;19159.970201600005;19160.0;19160.0;19159.9926784;19159.962880000006;19159.911116800016;19159.93308160001;19159.93308160001;19159.985356800004;19160.0;19160.0;19160.0;19160.0;19160.0;19160.0;19160.0;19159.9926784;19160.0;19159.955558400008;19159.92524800001;19159.895961600017;19159.895961600017;19159.86565120002;19159.910604800014;19159.9926784;19159.962880000006;19160.0;19160.0;19160.0;
90.15133594903926;19159.9926784;19160.0;19159.962880000006;19159.985356800004;19159.94040320001;19160.0;19159.955046400006;19159.9926784;19159.947724800008;19160.0;19159.985356800004;19160.0;19160.0;19159.977523200003;19159.9926784;19159.970201600005;19160.0;19160.0;19160.0;19159.9926784;19160.0;19159.970201600005;19160.0;19160.0;19159.9926784;19159.962880000006;19159.911116800016;19159.93308160001;19159.93308160001;19159.985356800004;19160.0;19160.0;19160.0;19160.0;19160.0;19160.0;19159.9848448;19159.9926784;19160.0;19159.955558400008;19159.92524800001;19159.895961600017;19159.895961600017;19159.86565120002;19159.910604800014;19159.9926784;19159.962880000006;19160.0;19160.0;19160.0;
90.45133594903926;19159.9926784;19160.0;19159.962880000006;19159.985356800004;19159.94040320001;19160.0;19159.955046400006;19159.9926784;19159.947724800008;19160.0;19159.985356800004;19160.0;19160.0;19159.977523200003;19159.9926784;19159.970201600005;19160.0;19160.0;19160.0;19159.9926784;19160.0;19159.970201600005;19160.0;19160.0;19159.9926784;19159.962880000006;19159.911116800016;19159.93308160001;19159.93308160001;19159.985356800004;19160.0;19160.0;19160.0;19160.0;19160.0;19160.0;19159.9848448;19159.9926784;19160.0;19159.955558400008;19159.92524800001;19159.895961600017;19159.895961600017;19159.86565120002;19159.910604800014;19159.9926784;19159.962880000006;19160.0;19160.0;19160.0;
91.31945917043937;19159.9926784;19160.0;19159.962880000006;19159.985356800004;19159.94040320001;19160.0;19159.955046400006;19159.9926784;19159.947724800008;19160.0;19159.985356800004;19160.0;19160.0;19159.977523200003;19159.9926784;19159.970201600005;19160.0;19160.0;19160.0;19159.985356800004;19160.0;19159.970201600005;19160.0;19159.9926784;19159.9926784;19159.962880000006;19159.911116800016;19159.93308160001;19159.93308160001;19159.985356800004;19160.0;19160.0;19160.0;19160.0;19160.0;19160.0;19159.9848448;19159.9926784;19159.9926784;19159.955558400008;19159.92524800001;19159.895961600017;19159.895961600017;19159.86565120002;19159.910604800014;19159.9926784;19159.962880000006;19160.0;19160.0;19160.0;
91.3334583756453;19159.9926784;19160.0;19159.962880000006;19159.985356800004;19159.94040320001;19160.0;19159.955046400006;19159.9926784;19159.947724800008;19160.0;19159.985356800004;19160.0;19160.0;19159.977523200003;19159.9926784;19159.970201600005;19160.0;19160.0;19160.0;19159.985356800004;19160.0;19159.970201600005;19160.0;19159.9926784;19159.9926784;19159.962880000006;19159.911116800016;19159.93308160001;19159.93308160001;19159.985356800004;19160.0;19160.0;19160.0;19160.0;19160.0;19160.0;19159.9848448;19159.9926784;19159.9926784;19159.955558400008;19159.92524800001;19159.895961600017;19159.895961600017;19159.86565120002;19159.910604800014;19159.9926784;19159.962880000006;19160.0;19160.0;19160.0;
91.3334583756453;19159.9926784;19160.0;19159.962880000006;19159.985356800004;19159.94040320001;19160.0;19159.955046400006;19159.9926784;19159.947724800008;19160.0;19159.985356800004;19160.0;19160.0;19159.977523200003;19159.9926784;19159.970201600005;19160.0;19160.0;19160.0;19159.985356800004;19160.0;19159.970201600005;19160.0;19159.977523200003;19159.9926784;19159.962880000006;19159.911116800016;19159.93308160001;19159.93308160001;19159.985356800004;19160.0;19160.0;19160.0;19160.0;19160.0;19160.0;19159.9848448;19159.9926784;19159.9926784;19159.955558400008;19159.92524800001;19159.895961600017;19159.895961600017;19159.86565120002;19159.910604800014;19159.9926784;19159.962880000006;19160.0;19160.0;19160.0;
91.33645918845008;19159.9926784;19160.0;19159.962880000006;19159.985356800004;19159.94040320001;19160.0;19159.955046400006;19159.9926784;19159.947724800008;19160.0;19159.985356800004;19160.0;19160.0;19159.977523200003;19159.9926784;19159.970201600005;19160.0;19160.0;19160.0;19159.985356800004;19160.0;19159.970201600005;19160.0;19159.977523200003;19159.9926784;19159.962880000006;19159.911116800016;19159.93308160001;19159.93308160001;19159.985356800004;19160.0;19160.0;19160.0;19160.0;19160.0;19160.0;19159.9848448;19159.9926784;19159.9926784;19159.955558400008;19159.92524800001;19159.895961600017;19159.895961600017;19159.86565120002;19159.910604800014;19159.9926784;19159.962880000006;19160.0;19160.0;19160.0;
91.33645918845008;19159.9926784;19160.0;19159.962880000006;19159.985356800004;19159.94040320001;19160.0;19159.955046400006;19159.9926784;19159.947724800008;19160.0;19159.985356800004;19160.0;19160.0;19159.977523200003;19159.9926784;19159.970201600005;19160.0;19160.0;19160.0;19159.970201600005;19160.0;19159.970201600005;19160.0;19159.977523200003;19159.9926784;19159.962880000006;19159.911116800016;19159.93308160001;19159.93308160001;19159.985356800004;19160.0;19160.0;19160.0;19160.0;19160.0;19160.0;19159.9848448;19159.9926784;19159.9926784;19159.955558400008;19159.92524800001;19159.895961600017;19159.895961600017;19159.86565120002;19159.910604800014;19159.9926784;19159.962880000006;19160.0;19160.0;19160.0;
91.34345436675325;19159.9926784;19160.0;19159.962880000006;19159.985356800004;19159.94040320001;19160.0;19159.955046400006;19159.9926784;19159.947724800008;19160.0;19159.985356800004;19160.0;19160.0;19159.977523200003;19159.9926784;19159.970201600005;19160.0;19160.0;19160.0;19159.970201600005;19160.0;19159.970201600005;19160.0;19159.977523200003;19159.9926784;19159.962880000006;19159.911116800016;19159.93308160001;19159.93308160001;19159.985356800004;19160.0;19160.0;19160.0;19160.0;19160.0;19160.0;19159.9848448;19159.9926784;19159.9926784;19159.955558400008;19159.92524800001;19159.895961600017;19159.895961600017;19159.86565120002;19159.910604800014;19159.9926784;19159.962880000006;19160.0;19160.0;19160.0;
91.35045354123537;19159.9926784;19160.0;19159.962880000006;19159.985356800004;19159.94040320001;19160.0;19159.955046400006;19159.9926784;19159.947724800008;19160.0;19159.985356800004;19160.0;19160.0;19159.977523200003;19159.9926784;19159.970201600005;19160.0;19160.0;19160.0;19159.970201600005;19160.0;19159.970201600005;19160.0;19159.977523200003;19159.9926784;19159.962880000006;19159.911116800016;19159.93308160001;19159.93308160001;19159.985356800004;19160.0;19160.0;19160.0;19160.0;19160.0;19160.0;19159.9848448;19159.9926784;19159.9926784;19159.955558400008;19159.92524800001;19159.895961600017;19159.895961600017;19159.86565120002;19159.910604800014;19159.9926784;19159.962880000006;19160.0;19160.0;19160.0;
91.35946106115757;19159.9926784;19160.0;19159.962880000006;19159.985356800004;19159.94040320001;19160.0;19159.955046400006;19159.9926784;19159.947724800008;19160.0;19159.985356800004;19160.0;19160.0;19159.977523200003;19159.9926784;19159.970201600005;19160.0;19160.0;19160.0;19159.970201600005;19160.0;19159.970201600005;19160.0;19159.977523200003;19159.9926784;19159.962880000006;19159.911116800016;19159.93308160001;19159.93308160001;19159.985356800004;19160.0;19160.0;19160.0;19160.0;19160.0;19160.0;19159.9848448;19159.9926784;19159.9926784;19159.955558400008;19159.92524800001;19159.895961600017;19159.895961600017;19159.86565120002;19159.910604800014;19159.9926784;19159.962880000006;19160.0;19160.0;19160.0;
91.35946106115757;19159.9926784;19160.0;19159.962880000006;19159.985356800004;19159.94040320001;19160.0;19159.955046400006;19159.9926784;19159.947724800008;19160.0;19159.985356800004;19160.0;19160.0;19159.977523200003;19159.9926784;19159.970201600005;19160.0;19160.0;19160.0;19159.970201600005;19160.0;19159.970201600005;19160.0;19159.977523200003;19159.9926784;19159.962880000006;19159.911116800016;19159.93308160001;19159.93308160001;19159.985356800004;19160.0;19160.0;19160.0;19160.0;19160.0;19160.0;19159.9848448;19159.9926784;19159.977523200003;19159.955558400008;19159.92524800001;19159.895961600017;19159.895961600017;19159.86565120002;19159.910604800014;19159.9926784;19159.962880000006;19160.0;19160.0;19160.0;
91.45133594903926;19159.9926784;19160.0;19159.962880000006;19159.985356800004;19159.94040320001;19160.0;19159.955046400006;19159.9926784;19159.947724800008;19160.0;19159.985356800004;19160.0;19160.0;19159.977523200003;19159.9926784;19159.970201600005;19160.0;19160.0;19160.0;19159.970201600005;19160.0;19159.970201600005;19160.0;19159.977523200003;19159.9926784;19159.962880000006;19159.911116800016;19159.93308160001;19159.93308160001;19159.985356800004;19160.0;19160.0;19160.0;19160.0;19160.0;19160.0;19159.9848448;19159.9926784;19159.977523200003;19159.955558400008;19159.92524800001;19159.895961600017;19159.895961600017;19159.86565120002;19159.910604800014;19159.9926784;19159.962880000006;19160.0;19160.0;19160.0;
92.43657900576117;19159.9926784;19160.0;19159.962880000006;19159.985356800004;19159.94040320001;19160.0;19159.955046400006;19159.9926784;19159.947724800008;19160.0;19159.985356800004;19160.0;19160.0;19159.977523200003;19159.9926784;19159.970201600005;19160.0;19160.0;19160.0;19159.970201600005;19160.0;19159.970201600005;19160.0;19159.977523200003;19159.9926784;19159.962880000006;19159.911116800016;19159.93308160001;19159.93308160001;19159.985356800004;19160.0;19160.0;19160.0;19160.0;19160.0;19160.0;19159.9848448;19159.9926784;19159.977523200003;19159.955558400008;19159.92524800001;19159.895961600017;19159.895961600017;19159.86565120002;19159.910604800014;19159.9926784;19159.962880000006;19160.0;19160.0;19160.0;
92.47458053043259;19159.9926784;19160.0;19159.962880000006;19159.985356800004;19159.94040320001;19160.0;19159.955046400006;19159.9926784;19159.947724800008;19160.0;19159.985356800004;19160.0;19160.0;19159.977523200003;19159.9926784;19159.970201600005;19160.0;19160.0;19160.0;19159.970201600005;19160.0;19159.970201600005;19160.0;19159.977523200003;19159.9926784;19159.962880000006;19159.911116800016;19159.93308160001;19159.93308160001;19159.985356800004;19160.0;19160.0;19160.0;19160.0;19160.0;19160.0;19159.9848448;19159.9926784;19159.977523200003;19159.955558400008;19159.92524800001;19159.895961600017;19159.895961600017;19159.86565120002;19159.910604800014;19159.9926784;19159.962880000006;19160.0;19160.0;19160.0;
92.48358444167702;19159.9926784;19160.0;19159.962880000006;19159.985356800004;19159.94040320001;19160.0;19159.955046400006;19159.9926784;19159.947724800008;19160.0;19159.985356800004;19160.0;19160.0;19159.977523200003;19159.9926784;19159.970201600005;19160.0;19160.0;19160.0;19159.970201600005;19160.0;19159.970201600005;19160.0;19159.977523200003;19159.9926784;19159.962880000006;19159.911116800016;19159.93308160001;19159.93308160001;19159.985356800004;19160.0;19160.0;19160.0;19160.0;19160.0;19160.0;19159.9848448;19159.9926784;19159.977523200003;19159.955558400008;19159.92524800001;19159.895961600017;19159.895961600017;19159.86565120002;19159.910604800014;19159.9926784;19159.962880000006;19160.0;19160.0;19160.0;
92.5015815970454;19159.9926784;19160.0;19159.962880000006;19159.985356800004;19159.94040320001;19160.0;19159.955046400006;19159.9926784;19159.947724800008;19160.0;19159.985356800004;19160.0;19160.0;19159.977523200003;19159.9926784;19159.970201600005;19160.0;19160.0;19160.0;19159.970201600005;19160.0;19159.970201600005;19159.9926784;19159.977523200003;19159.9926784;19159.962880000006;19159.911116800016;19159.93308160001;19159.93308160001;19159.985356800004;19160.0;19160.0;19160.0;19160.0;19160.0;19159.9926784;19159.977523200003;19159.9926784;19159.977523200003;19159.955558400008;19159.92524800001;19159.895961600017;19159.895961600017;19159.86565120002;19159.910604800014;19159.9926784;19159.962880000006;19160.0;19160.0;19160.0;
92.50458240985019;19159.9926784;19160.0;19159.962880000006;19159.985356800004;19159.94040320001;19160.0;19159.955046400006;19159.9926784;19159.947724800008;19160.0;19159.985356800004;19160.0;19160.0;19159.977523200003;19159.9926784;19159.970201600005;19160.0;19160.0;19160.0;19159.970201600005;19160.0;19159.970201600005;19159.9926784;19159.977523200003;19159.985356800004;19159.955558400008;19159.911116800016;19159.93308160001;19159.93308160001;19159.985356800004;19160.0;19160.0;19160.0;19160.0;19160.0;19159.9926784;19159.970201600005;19159.9926784;19159.977523200003;19159.955558400008;19159.92524800001;19159.895961600017;19159.895961600017;19159.86565120002;19159.910604800014;19159.9926784;19159.962880000006;19160.0;19160.0;19160.0;
92.51157758815336;19159.9926784;19160.0;19159.962880000006;19159.985356800004;19159.94040320001;19160.0;19159.955046400006;19159.9926784;19159.947724800008;19160.0;19159.985356800004;19160.0;19160.0;19159.977523200003;19159.9926784;19159.970201600005;19160.0;19160.0;19160.0;19159.970201600005;19160.0;19159.970201600005;19159.9926784;19159.977523200003;19159.985356800004;19159.955558400008;19159.911116800016;19159.93308160001;19159.93308160001;19159.985356800004;19160.0;19160.0;19160.0;19160.0;19160.0;19159.9926784;19159.970201600005;19159.9926784;19159.977523200003;19159.955558400008;19159.92524800001;19159.895961600017;19159.895961600017;19159.86565120002;19159.910604800014;19159.9926784;19159.962880000006;19160.0;19160.0;19160.0;
92.51857676263549;19159.9926784;19160.0;19159.962880000006;19159.985356800004;19159.94040320001;19160.0;19159.955046400006;19159.9926784;19159.947724800008;19160.0;19159.985356800004;19160.0;19160.0;19159.977523200003;19159.9926784;19159.970201600005;19160.0;19160.0;19160.0;19159.970201600005;19160.0;19159.970201600005;19159.9926784;19159.977523200003;19159.985356800004;19159.955558400008;19159.911116800016;19159.93308160001;19159.93308160001;19159.985356800004;19160.0;19160.0;19160.0;19160.0;19160.0;19159.9926784;19159.970201600005;19159.9926784;19159.977523200003;19159.955558400008;19159.92524800001;19159.895961600017;19159.895961600017;19159.86565120002;19159.910604800014;19159.9926784;19159.962880000006;19160.0;19160.0;19160.0;
92.5275842825577;19159.9926784;19160.0;19159.962880000006;19159.985356800004;19159.94040320001;19160.0;19159.955046400006;19159.9926784;19159.947724800008;19160.0;19159.985356800004;19160.0;19160.0;19159.977523200003;19159.9926784;19159.970201600005;19160.0;19160.0;19160.0;19159.970201600005;19160.0;19159.970201600005;19159.9926784;19159.977523200003;19159.985356800004;19159.955558400008;19159.911116800016;19159.93308160001;19159.93308160001;19159.985356800004;19160.0;19160.0;19160.0;19160.0;19160.0;19159.9926784;19159.962880000006;19159.985356800004;19159.977523200003;19159.955558400008;19159.92524800001;19159.895961600017;19159.895961600017;19159.86565120002;19159.910604800014;19159.9926784;19159.962880000006;19160.0;19160.0;19160.0;
92.72146824749706;19159.9926784;19160.0;19159.962880000006;19159.985356800004;19159.94040320001;19160.0;19159.955046400006;19159.9926784;19159.947724800008;19160.0;19159.985356800004;19160.0;19160.0;19159.977523200003;19159.9926784;19159.970201600005;19160.0;19160.0;19160.0;19159.970201600005;19160.0;19159.970201600005;19159.9926784;19159.977523200003;19159.985356800004;19159.955558400008;19159.911116800016;19159.93308160001;19159.93308160001;19159.985356800004;19160.0;19160.0;19160.0;19160.0;19160.0;19159.9926784;19159.962880000006;19159.985356800004;19159.977523200003;19159.955558400008;19159.92524800001;19159.895961600017;19159.895961600017;19159.86565120002;19159.910604800014;19159.9926784;19159.962880000006;19160.0;19160.0;19160.0;
93.88959146889718;19159.9926784;19160.0;19159.962880000006;19159.985356800004;19159.94040320001;19160.0;19159.955046400006;19159.9926784;19159.947724800008;19160.0;19159.985356800004;19160.0;19160.0;19159.977523200003;19159.9926784;19159.970201600005;19160.0;19160.0;19160.0;19159.970201600005;19160.0;19159.970201600005;19159.9926784;19159.977523200003;19159.985356800004;19159.955558400008;19159.911116800016;19159.93308160001;19159.93308160001;19159.985356800004;19160.0;19160.0;19160.0;19160.0;19160.0;19159.9926784;19159.962880000006;19159.985356800004;19159.977523200003;19159.955558400008;19159.92524800001;19159.895961600017;19159.895961600017;19159.86565120002;19159.910604800014;19159.9926784;19159.962880000006;19160.0;19160.0;19160.0;
93.90359109455733;19159.9926784;19160.0;19159.962880000006;19159.985356800004;19159.94040320001;19160.0;19159.955046400006;19159.9926784;19159.947724800008;19160.0;19159.985356800004;19160.0;19160.0;19159.977523200003;19159.9926784;19159.970201600005;19160.0;19160.0;19160.0;19159.970201600005;19160.0;19159.970201600005;19159.9926784;19159.977523200003;19159.985356800004;19159.955558400008;19159.911116800016;19159.93308160001;19159.93308160001;19159.985356800004;19160.0;19160.0;19160.0;19160.0;19160.0;19159.9926784;19159.962880000006;19159.985356800004;19159.977523200003;19159.955558400008;19159.92524800001;19159.895961600017;19159.895961600017;19159.86565120002;19159.910604800014;19159.9926784;19159.962880000006;19160.0;19160.0;19160.0;
93.92469478889709;19159.9926784;19160.0;19159.962880000006;19159.985356800004;19159.94040320001;19160.0;19159.955046400006;19159.9926784;19159.947724800008;19160.0;19159.985356800004;19160.0;19160.0;19159.977523200003;19159.9926784;19159.970201600005;19160.0;19160.0;19160.0;19159.970201600005;19160.0;19159.970201600005;19159.9926784;19159.977523200003;19159.985356800004;19159.955558400008;19159.911116800016;19159.93308160001;19159.93308160001;19159.985356800004;19160.0;19160.0;19160.0;19160.0;19160.0;19159.9926784;19159.962880000006;19159.985356800004;19159.977523200003;19159.955558400008;19159.92524800001;19159.895961600017;19159.895961600017;19159.86565120002;19159.910604800014;19159.9926784;19159.962880000006;19160.0;19160.0;19160.0;
96.23394343802491;19159.9926784;19160.0;19159.962880000006;19159.985356800004;19159.94040320001;19160.0;19159.955046400006;19159.9926784;19159.947724800008;19160.0;19159.985356800004;19160.0;19160.0;19159.977523200003;19159.9926784;19159.970201600005;19160.0;19160.0;19160.0;19159.970201600005;19160.0;19159.970201600005;19159.9926784;19159.977523200003;19159.985356800004;19159.955558400008;19159.911116800016;19159.93308160001;19159.93308160001;19159.985356800004;19160.0;19160.0;19160.0;19160.0;19160.0;19159.9926784;19159.962880000006;19159.985356800004;19159.977523200003;19159.955558400008;19159.92524800001;19159.895961600017;19159.895961600017;19159.86565120002;19159.910604800014;19159.9926784;19159.962880000006;19160.0;19160.0;19160.0;
97.40206665942503;19159.9926784;19160.0;19159.962880000006;19159.985356800004;19159.94040320001;19160.0;19159.955046400006;19159.9926784;19159.947724800008;19160.0;19159.985356800004;19160.0;19160.0;19159.977523200003;19159.9926784;19159.970201600005;19160.0;19160.0;19160.0;19159.970201600005;19160.0;19159.970201600005;19159.9926784;19159.977523200003;19159.985356800004;19159.955558400008;19159.911116800016;19159.93308160001;19159.93308160001;19159.985356800004;19160.0;19160.0;19160.0;19160.0;19160.0;19159.9926784;19159.962880000006;19159.985356800004;19159.977523200003;19159.955558400008;19159.92524800001;19159.895961600017;19159.895961600017;19159.86565120002;19159.910604800014;19159.9926784;19159.962880000006;19160.0;19160.0;19160.0;
98.72619239386565;19159.9926784;19160.0;19159.962880000006;19159.985356800004;19159.94040320001;19160.0;19159.955046400006;19159.9926784;19159.947724800008;19160.0;19159.985356800004;19160.0;19160.0;19159.977523200003;19159.9926784;19159.970201600005;19160.0;19160.0;19160.0;19159.970201600005;19160.0;19159.970201600005;19159.9926784;19159.977523200003;19159.985356800004;19159.955558400008;19159.911116800016;19159.93308160001;19159.93308160001;19159.985356800004;19160.0;19160.0;19160.0;19160.0;19160.0;19159.9926784;19159.962880000006;19159.985356800004;19159.977523200003;19159.955558400008;19159.92524800001;19159.895961600017;19159.895961600017;19159.86565120002;19159.910604800014;19159.9926784;19159.962880000006;19160.0;19160.0;19160.0;
98.7591927483756;19159.9926784;19160.0;19159.962880000006;19159.985356800004;19159.94040320001;19160.0;19159.955046400006;19159.9926784;19159.947724800008;19160.0;19159.985356800004;19160.0;19160.0;19159.977523200003;19159.9926784;19159.970201600005;19160.0;19160.0;19160.0;19159.970201600005;19160.0;19159.970201600005;19159.9926784;19159.977523200003;19159.985356800004;19159.955558400008;19159.911116800016;19159.93308160001;19159.93308160001;19159.985356800004;19160.0;19160.0;19160.0;19160.0;19160.0;19159.9926784;19159.962880000006;19159.985356800004;19159.977523200003;19159.955558400008;19159.92524800001;19159.895961600017;19159.895961600017;19159.86565120002;19159.910604800014;19159.9926784;19159.962880000006;19160.0;19160.0;19160.0;
99.89431561526575;19159.9926784;19160.0;19159.962880000006;19159.985356800004;19159.94040320001;19160.0;19159.955046400006;19159.9926784;19159.947724800008;19160.0;19159.985356800004;19160.0;19160.0;19159.977523200003;19159.9926784;19159.970201600005;19160.0;19160.0;19160.0;19159.970201600005;19160.0;19159.970201600005;19159.9926784;19159.977523200003;19159.985356800004;19159.955558400008;19159.911116800016;19159.93308160001;19159.93308160001;19159.985356800004;19160.0;19160.0;19160.0;19160.0;19160.0;19159.9926784;19159.962880000006;19159.985356800004;19159.977523200003;19159.955558400008;19159.92524800001;19159.895961600017;19159.895961600017;19159.86565120002;19159.910604800014;19159.9926784;19159.962880000006;19160.0;19160.0;19160.0;
99.89831510819474;19159.9926784;19160.0;19159.962880000006;19159.985356800004;19159.94040320001;19160.0;19159.955046400006;19159.9926784;19159.947724800008;19160.0;19159.985356800004;19160.0;19160.0;19159.977523200003;19159.9926784;19159.970201600005;19160.0;19160.0;19160.0;19159.970201600005;19160.0;19159.970201600005;19159.9926784;19159.977523200003;19159.985356800004;19159.955558400008;19159.911116800016;19159.93308160001;19159.93308160001;19159.985356800004;19160.0;19160.0;19160.0;19160.0;19160.0;19159.9926784;19159.962880000006;19159.985356800004;19159.977523200003;19159.955558400008;19159.92524800001;19159.895961600017;19159.895961600017;19159.86565120002;19159.910604800014;19159.9926784;19159.962880000006;19160.0;19160.0;19160.0;
99.92731596977572;19159.9926784;19160.0;19159.962880000006;19159.985356800004;19159.94040320001;19160.0;19159.955046400006;19159.9926784;19159.947724800008;19160.0;19159.985356800004;19160.0;19160.0;19159.977523200003;19159.9926784;19159.970201600005;19160.0;19160.0;19160.0;19159.970201600005;19160.0;19159.970201600005;19159.9926784;19159.977523200003;19159.985356800004;19159.955558400008;19159.911116800016;19159.93308160001;19159.93308160001;19159.985356800004;19160.0;19160.0;19160.0;19160.0;19160.0;19159.9926784;19159.962880000006;19159.985356800004;19159.977523200003;19159.955558400008;19159.92524800001;19159.895961600017;19159.895961600017;19159.86565120002;19159.910604800014;19159.9926784;19159.962880000006;19160.0;19160.0;19160.0;
100.01232040155948;19159.9926784;19160.0;19159.962880000006;19159.985356800004;19159.94040320001;19160.0;19159.955046400006;19159.9926784;19159.947724800008;19160.0;19159.985356800004;19160.0;19160.0;19159.977523200003;19159.9926784;19159.970201600005;19160.0;19160.0;19160.0;19159.970201600005;19160.0;19159.970201600005;19159.9926784;19159.977523200003;19159.985356800004;19159.955558400008;19159.911116800016;19159.93308160001;19159.93308160001;19159.985356800004;19160.0;19160.0;19160.0;19160.0;19160.0;19159.9926784;19159.962880000006;19159.985356800004;19159.977523200003;19159.955558400008;19159.92524800001;19159.895961600017;19159.895961600017;19159.86565120002;19159.910604800014;19159.9926784;19159.962880000006;19160.0;19160.0;19160.0;
100.01232040155948;19159.9926784;19160.0;19159.962880000006;19159.985356800004;19159.94040320001;19160.0;19159.955046400006;19159.9926784;19159.947724800008;19160.0;19159.985356800004;19160.0;19160.0;19159.977523200003;19159.9926784;19159.970201600005;19160.0;19160.0;19160.0;19159.970201600005;19160.0;19159.970201600005;19159.9926784;19159.977523200003;19159.985356800004;19159.955558400008;19159.911116800016;19159.93308160001;19159.917926400012;19159.985356800004;19160.0;19160.0;19160.0;19160.0;19160.0;19159.9926784;19159.962880000006;19159.985356800004;19159.977523200003;19159.955558400008;19159.92524800001;19159.895961600017;19159.895961600017;19159.86565120002;19159.910604800014;19159.9926784;19159.962880000006;19160.0;19160.0;19160.0;
100.31232040155948;19159.9926784;19160.0;19159.962880000006;19159.985356800004;19159.94040320001;19160.0;19159.955046400006;19159.9926784;19159.947724800008;19160.0;19159.985356800004;19160.0;19160.0;19159.977523200003;19159.9926784;19159.970201600005;19160.0;19160.0;19160.0;19159.970201600005;19160.0;19159.970201600005;19159.9926784;19159.977523200003;19159.985356800004;19159.955558400008;19159.911116800016;19159.93308160001;19159.917926400012;19159.985356800004;19160.0;19160.0;19160.0;19160.0;19160.0;19159.9926784;19159.962880000006;19159.985356800004;19159.977523200003;19159.955558400008;19159.92524800001;19159.895961600017;19159.895961600017;19159.86565120002;19159.910604800014;19159.9926784;19159.962880000006;19160.0;19160.0;19160.0;
101.18044362295959;19159.9926784;19160.0;19159.962880000006;19159.985356800004;19159.94040320001;19160.0;19159.955046400006;19159.9926784;19159.947724800008;19160.0;19159.985356800004;19160.0;19160.0;19159.977523200003;19159.9926784;19159.970201600005;19160.0;19160.0;19160.0;19159.970201600005;19160.0;19159.970201600005;19159.9926784;19159.977523200003;19159.985356800004;19159.955558400008;19159.911116800016;19159.925760000013;19159.917926400012;19159.978035200005;19160.0;19160.0;19160.0;19160.0;19160.0;19159.9926784;19159.962880000006;19159.985356800004;19159.977523200003;19159.955558400008;19159.92524800001;19159.895961600017;19159.895961600017;19159.86565120002;19159.903283200016;19159.9926784;19159.962880000006;19160.0;19160.0;19160.0;
101.19944385379814;19159.9926784;19160.0;19159.962880000006;19159.985356800004;19159.94040320001;19160.0;19159.955046400006;19159.9926784;19159.947724800008;19160.0;19159.985356800004;19160.0;19160.0;19159.977523200003;19159.9926784;19159.970201600005;19160.0;19160.0;19160.0;19159.970201600005;19160.0;19159.970201600005;19159.9926784;19159.977523200003;19159.985356800004;19159.955558400008;19159.911116800016;19159.925760000013;19159.917926400012;19159.978035200005;19160.0;19160.0;19160.0;19160.0;19160.0;19159.9926784;19159.962880000006;19159.985356800004;19159.977523200003;19159.955558400008;19159.92524800001;19159.895961600017;19159.895961600017;19159.86565120002;19159.903283200016;19159.9926784;19159.962880000006;19160.0;19160.0;19160.0;
101.19944385379814;19159.9926784;19160.0;19159.962880000006;19159.985356800004;19159.94040320001;19160.0;19159.955046400006;19159.9926784;19159.947724800008;19160.0;19159.985356800004;19160.0;19160.0;19159.977523200003;19159.9926784;19159.970201600005;19160.0;19160.0;19160.0;19159.970201600005;19160.0;19159.970201600005;19159.9926784;19159.977523200003;19159.985356800004;19159.955558400008;19159.911116800016;19159.910604800014;19159.917926400012;19159.978035200005;19160.0;19160.0;19160.0;19160.0;19160.0;19159.9926784;19159.962880000006;19159.985356800004;19159.977523200003;19159.955558400008;19159.92524800001;19159.895961600017;19159.895961600017;19159.86565120002;19159.903283200016;19159.9926784;19159.962880000006;19160.0;19160.0;19160.0;
101.20344358864529;19159.9926784;19160.0;19159.962880000006;19159.985356800004;19159.94040320001;19160.0;19159.955046400006;19159.9926784;19159.947724800008;19160.0;19159.985356800004;19160.0;19160.0;19159.977523200003;19159.9926784;19159.970201600005;19160.0;19160.0;19160.0;19159.970201600005;19160.0;19159.970201600005;19159.9926784;19159.977523200003;19159.985356800004;19159.955558400008;19159.911116800016;19159.910604800014;19159.917926400012;19159.978035200005;19160.0;19160.0;19160.0;19160.0;19160.0;19159.9926784;19159.962880000006;19159.985356800004;19159.977523200003;19159.955558400008;19159.92524800001;19159.895961600017;19159.895961600017;19159.86565120002;19159.903283200016;19159.9926784;19159.962880000006;19160.0;19160.0;19160.0;
101.20344358864529;19159.9926784;19160.0;19159.962880000006;19159.985356800004;19159.94040320001;19160.0;19159.955046400006;19159.9926784;19159.947724800008;19160.0;19159.985356800004;19160.0;19160.0;19159.977523200003;19159.9926784;19159.970201600005;19160.0;19160.0;19160.0;19159.970201600005;19160.0;19159.970201600005;19159.9926784;19159.977523200003;19159.985356800004;19159.955558400008;19159.911116800016;19159.910604800014;19159.917926400012;19159.978035200005;19160.0;19160.0;19160.0;19160.0;19160.0;19159.9926784;19159.962880000006;19159.985356800004;19159.977523200003;19159.955558400008;19159.92524800001;19159.895961600017;19159.895961600017;19159.86565120002;19159.888128000017;19159.9926784;19159.962880000006;19160.0;19160.0;19160.0;
101.21844202639578;19159.9926784;19160.0;19159.962880000006;19159.985356800004;19159.94040320001;19160.0;19159.955046400006;19159.9926784;19159.947724800008;19160.0;19159.985356800004;19160.0;19160.0;19159.977523200003;19159.9926784;19159.970201600005;19160.0;19160.0;19160.0;19159.970201600005;19160.0;19159.970201600005;19159.9926784;19159.977523200003;19159.985356800004;19159.955558400008;19159.911116800016;19159.910604800014;19159.917926400012;19159.978035200005;19160.0;19160.0;19160.0;19160.0;19160.0;19159.9926784;19159.962880000006;19159.985356800004;19159.977523200003;19159.955558400008;19159.92524800001;19159.895961600017;19159.895961600017;19159.86565120002;19159.888128000017;19159.9926784;19159.962880000006;19160.0;19160.0;19160.0;
101.21844202639578;19159.9926784;19160.0;19159.962880000006;19159.985356800004;19159.94040320001;19160.0;19159.955046400006;19159.9926784;19159.947724800008;19160.0;19159.985356800004;19160.0;19160.0;19159.977523200003;19159.9926784;19159.970201600005;19160.0;19160.0;19160.0;19159.970201600005;19160.0;19159.970201600005;19159.9926784;19159.977523200003;19159.985356800004;19159.955558400008;19159.911116800016;19159.910604800014;19159.917926400012;19159.962880000006;19160.0;19160.0;19160.0;19160.0;19160.0;19159.9926784;19159.962880000006;19159.985356800004;19159.977523200003;19159.955558400008;19159.92524800001;19159.895961600017;19159.895961600017;19159.86565120002;19159.888128000017;19159.9926784;19159.962880000006;19160.0;19160.0;19160.0;
101.31232040155946;19159.9926784;19160.0;19159.962880000006;19159.985356800004;19159.94040320001;19160.0;19159.955046400006;19159.9926784;19159.947724800008;19160.0;19159.985356800004;19160.0;19160.0;19159.977523200003;19159.9926784;19159.970201600005;19160.0;19160.0;19160.0;19159.970201600005;19160.0;19159.970201600005;19159.9926784;19159.977523200003;19159.985356800004;19159.955558400008;19159.911116800016;19159.910604800014;19159.917926400012;19159.962880000006;19160.0;19160.0;19160.0;19160.0;19160.0;19159.9926784;19159.962880000006;19159.985356800004;19159.977523200003;19159.955558400008;19159.92524800001;19159.895961600017;19159.895961600017;19159.86565120002;19159.888128000017;19159.9926784;19159.962880000006;19160.0;19160.0;19160.0;
101.3414433827595;19159.9926784;19160.0;19159.962880000006;19159.985356800004;19159.94040320001;19160.0;19159.955046400006;19159.9926784;19159.947724800008;19160.0;19159.985356800004;19160.0;19160.0;19159.977523200003;19159.9926784;19159.970201600005;19160.0;19160.0;19160.0;19159.970201600005;19160.0;19159.970201600005;19159.9926784;19159.977523200003;19159.985356800004;19159.955558400008;19159.911116800016;19159.910604800014;19159.917926400012;19159.962880000006;19160.0;19160.0;19160.0;19160.0;19160.0;19159.9926784;19159.962880000006;19159.985356800004;19159.977523200003;19159.955558400008;19159.92524800001;19159.895961600017;19159.895961600017;19159.86565120002;19159.888128000017;19159.9926784;19159.962880000006;19160.0;19160.0;19160.0;
101.3414433827595;19159.9926784;19160.0;19159.962880000006;19159.985356800004;19159.94040320001;19160.0;19159.955046400006;19159.9926784;19159.947724800008;19160.0;19159.985356800004;19160.0;19160.0;19159.977523200003;19159.9926784;19159.970201600005;19160.0;19160.0;19160.0;19159.970201600005;19160.0;19159.970201600005;19159.9926784;19159.977523200003;19159.985356800004;19159.955558400008;19159.911116800016;19159.910604800014;19159.917926400012;19159.962880000006;19160.0;19160.0;19160.0;19160.0;19160.0;19159.9926784;19159.962880000006;19159.985356800004;19159.977523200003;19159.955558400008;19159.92524800001;19159.895961600017;19159.895961600017;19159.86565120002;19159.872972800018;19159.9926784;19159.962880000006;19160.0;19160.0;19160.0;
101.64144338275949;19159.9926784;19160.0;19159.962880000006;19159.985356800004;19159.94040320001;19160.0;19159.955046400006;19159.9926784;19159.947724800008;19160.0;19159.985356800004;19160.0;19160.0;19159.977523200003;19159.9926784;19159.970201600005;19160.0;19160.0;19160.0;19159.970201600005;19160.0;19159.970201600005;19159.9926784;19159.977523200003;19159.985356800004;19159.955558400008;19159.911116800016;19159.910604800014;19159.917926400012;19159.962880000006;19160.0;19160.0;19160.0;19160.0;19160.0;19159.9926784;19159.962880000006;19159.985356800004;19159.977523200003;19159.955558400008;19159.92524800001;19159.895961600017;19159.895961600017;19159.86565120002;19159.872972800018;19159.9926784;19159.962880000006;19160.0;19160.0;19160.0;
102.36756707519825;19159.9926784;19160.0;19159.962880000006;19159.985356800004;19159.94040320001;19160.0;19159.955046400006;19159.9926784;19159.947724800008;19160.0;19159.985356800004;19160.0;19160.0;19159.977523200003;19159.9926784;19159.970201600005;19160.0;19160.0;19160.0;19159.970201600005;19160.0;19159.962880000006;19159.9926784;19159.977523200003;19159.985356800004;19159.955558400008;19159.903795200018;19159.910604800014;19159.910604800014;19159.962880000006;19160.0;19160.0;19160.0;19160.0;19160.0;19159.9926784;19159.962880000006;19159.985356800004;19159.977523200003;19159.955558400008;19159.92524800001;19159.895961600017;19159.895961600017;19159.86565120002;19159.872972800018;19159.9926784;19159.962880000006;19160.0;19160.0;19160.0;
102.3715668100454;19159.9926784;19160.0;19159.962880000006;19159.985356800004;19159.94040320001;19160.0;19159.955046400006;19159.9926784;19159.947724800008;19160.0;19159.985356800004;19160.0;19160.0;19159.977523200003;19159.9926784;19159.970201600005;19160.0;19160.0;19160.0;19159.970201600005;19160.0;19159.962880000006;19159.9926784;19159.977523200003;19159.985356800004;19159.955558400008;19159.903795200018;19159.910604800014;19159.903283200016;19159.962880000006;19160.0;19160.0;19160.0;19160.0;19160.0;19159.9926784;19159.962880000006;19159.985356800004;19159.977523200003;19159.955558400008;19159.92524800001;19159.88864000002;19159.895961600017;19159.86565120002;19159.872972800018;19159.9926784;19159.955558400008;19160.0;19160.0;19160.0;
102.38656524779589;19159.9926784;19160.0;19159.962880000006;19159.985356800004;19159.94040320001;19160.0;19159.955046400006;19159.9926784;19159.947724800008;19159.9926784;19159.985356800004;19160.0;19160.0;19159.977523200003;19159.9926784;19159.970201600005;19160.0;19160.0;19160.0;19159.970201600005;19160.0;19159.962880000006;19159.9926784;19159.977523200003;19159.985356800004;19159.955558400008;19159.903795200018;19159.910604800014;19159.895961600017;19159.962880000006;19160.0;19160.0;19160.0;19160.0;19160.0;19159.9926784;19159.962880000006;19159.985356800004;19159.977523200003;19159.955558400008;19159.92524800001;19159.88864000002;19159.895961600017;19159.86565120002;19159.872972800018;19159.9926784;19159.955558400008;19159.9926784;19160.0;19160.0;
102.5095666041596;19159.9926784;19160.0;19159.962880000006;19159.985356800004;19159.94040320001;19160.0;19159.955046400006;19159.9926784;19159.947724800008;19159.9926784;19159.985356800004;19160.0;19160.0;19159.977523200003;19159.9926784;19159.970201600005;19160.0;19160.0;19160.0;19159.970201600005;19160.0;19159.962880000006;19159.9926784;19159.977523200003;19159.985356800004;19159.955558400008;19159.903795200018;19159.910604800014;19159.88864000002;19159.962880000006;19160.0;19160.0;19160.0;19160.0;19160.0;19159.9926784;19159.962880000006;19159.985356800004;19159.977523200003;19159.955558400008;19159.92524800001;19159.88131840002;19159.895961600017;19159.86565120002;19159.872972800018;19159.9926784;19159.94823680001;19159.9926784;19160.0;19160.0;
102.5235671388359;19159.9926784;19160.0;19159.962880000006;19159.985356800004;19159.94040320001;19160.0;19159.955046400006;19159.9926784;19159.947724800008;19159.9926784;19159.985356800004;19160.0;19160.0;19159.977523200003;19159.9926784;19159.970201600005;19160.0;19160.0;19160.0;19159.970201600005;19160.0;19159.962880000006;19159.9926784;19159.977523200003;19159.985356800004;19159.955558400008;19159.903795200018;19159.910604800014;19159.88864000002;19159.962880000006;19160.0;19160.0;19160.0;19160.0;19160.0;19159.9926784;19159.962880000006;19159.985356800004;19159.977523200003;19159.955558400008;19159.92524800001;19159.88131840002;19159.895961600017;19159.86565120002;19159.872972800018;19159.9926784;19159.94823680001;19159.9926784;19160.0;19160.0;
102.5235671388359;19159.9926784;19160.0;19159.962880000006;19159.985356800004;19159.94040320001;19160.0;19159.955046400006;19159.9926784;19159.947724800008;19159.977523200003;19159.985356800004;19160.0;19160.0;19159.977523200003;19159.9926784;19159.970201600005;19160.0;19160.0;19160.0;19159.970201600005;19160.0;19159.962880000006;19159.9926784;19159.977523200003;19159.985356800004;19159.955558400008;19159.903795200018;19159.910604800014;19159.88864000002;19159.962880000006;19160.0;19160.0;19160.0;19160.0;19160.0;19159.9926784;19159.962880000006;19159.985356800004;19159.977523200003;19159.955558400008;19159.92524800001;19159.88131840002;19159.895961600017;19159.86565120002;19159.872972800018;19159.9926784;19159.94823680001;19159.9926784;19160.0;19160.0;
102.54856599141617;19159.9926784;19160.0;19159.962880000006;19159.985356800004;19159.94040320001;19160.0;19159.955046400006;19159.9926784;19159.947724800008;19159.977523200003;19159.985356800004;19160.0;19160.0;19159.977523200003;19159.9926784;19159.970201600005;19160.0;19160.0;19160.0;19159.970201600005;19160.0;19159.962880000006;19159.9926784;19159.977523200003;19159.985356800004;19159.955558400008;19159.903795200018;19159.910604800014;19159.88864000002;19159.962880000006;19160.0;19160.0;19160.0;19160.0;19160.0;19159.9926784;19159.962880000006;19159.985356800004;19159.977523200003;19159.955558400008;19159.92524800001;19159.88131840002;19159.895961600017;19159.86565120002;19159.872972800018;19159.9926784;19159.94823680001;19159.9926784;19160.0;19160.0;
102.54856599141617;19159.9926784;19160.0;19159.962880000006;19159.985356800004;19159.94040320001;19160.0;19159.955046400006;19159.9926784;19159.947724800008;19159.977523200003;19159.985356800004;19160.0;19160.0;19159.977523200003;19159.9926784;19159.970201600005;19160.0;19160.0;19160.0;19159.970201600005;19160.0;19159.962880000006;19159.9926784;19159.977523200003;19159.985356800004;19159.955558400008;19159.903795200018;19159.910604800014;19159.88864000002;19159.962880000006;19160.0;19160.0;19160.0;19160.0;19160.0;19159.9926784;19159.962880000006;19159.985356800004;19159.977523200003;19159.955558400008;19159.92524800001;19159.88131840002;19159.895961600017;19159.86565120002;19159.872972800018;19159.9926784;19159.93308160001;19159.9926784;19160.0;19160.0;
102.54856863756628;19159.9926784;19160.0;19159.962880000006;19159.985356800004;19159.94040320001;19160.0;19159.955046400006;19159.9926784;19159.947724800008;19159.977523200003;19159.985356800004;19160.0;19160.0;19159.977523200003;19159.9926784;19159.970201600005;19160.0;19160.0;19160.0;19159.970201600005;19160.0;19159.962880000006;19159.9926784;19159.977523200003;19159.985356800004;19159.955558400008;19159.903795200018;19159.910604800014;19159.88864000002;19159.962880000006;19160.0;19160.0;19160.0;19160.0;19160.0;19159.9926784;19159.962880000006;19159.985356800004;19159.977523200003;19159.955558400008;19159.92524800001;19159.88131840002;19159.895961600017;19159.86565120002;19159.872972800018;19159.9926784;19159.93308160001;19159.9926784;19160.0;19160.0;
102.54856863756628;19159.9926784;19160.0;19159.962880000006;19159.985356800004;19159.94040320001;19160.0;19159.955046400006;19159.9926784;19159.947724800008;19159.977523200003;19159.985356800004;19160.0;19160.0;19159.977523200003;19159.9926784;19159.970201600005;19160.0;19160.0;19160.0;19159.970201600005;19160.0;19159.962880000006;19159.9926784;19159.977523200003;19159.985356800004;19159.955558400008;19159.903795200018;19159.910604800014;19159.87348480002;19159.962880000006;19160.0;19160.0;19160.0;19160.0;19160.0;19159.9926784;19159.962880000006;19159.985356800004;19159.977523200003;19159.955558400008;19159.92524800001;19159.88131840002;19159.895961600017;19159.86565120002;19159.872972800018;19159.9926784;19159.93308160001;19159.9926784;19160.0;19160.0;
102.55156573960137;19159.9926784;19160.0;19159.962880000006;19159.985356800004;19159.94040320001;19160.0;19159.955046400006;19159.9926784;19159.947724800008;19159.977523200003;19159.985356800004;19160.0;19160.0;19159.977523200003;19159.9926784;19159.970201600005;19160.0;19160.0;19160.0;19159.970201600005;19160.0;19159.962880000006;19159.9926784;19159.977523200003;19159.985356800004;19159.955558400008;19159.903795200018;19159.910604800014;19159.87348480002;19159.962880000006;19160.0;19160.0;19160.0;19160.0;19160.0;19159.9926784;19159.962880000006;19159.985356800004;19159.977523200003;19159.955558400008;19159.92524800001;19159.88131840002;19159.895961600017;19159.86565120002;19159.872972800018;19159.9926784;19159.93308160001;19159.9926784;19160.0;19160.0;
102.55156573960137;19159.9926784;19160.0;19159.962880000006;19159.985356800004;19159.94040320001;19160.0;19159.955046400006;19159.9926784;19159.947724800008;19159.977523200003;19159.985356800004;19160.0;19160.0;19159.977523200003;19159.9926784;19159.970201600005;19160.0;19160.0;19160.0;19159.970201600005;19160.0;19159.962880000006;19159.9926784;19159.977523200003;19159.985356800004;19159.955558400008;19159.903795200018;19159.910604800014;19159.87348480002;19159.962880000006;19160.0;19160.0;19160.0;19160.0;19160.0;19159.9926784;19159.962880000006;19159.985356800004;19159.977523200003;19159.955558400008;19159.92524800001;19159.866163200022;19159.895961600017;19159.86565120002;19159.872972800018;19159.9926784;19159.93308160001;19159.9926784;19160.0;19160.0;
102.6414433827595;19159.9926784;19160.0;19159.962880000006;19159.985356800004;19159.94040320001;19160.0;19159.955046400006;19159.9926784;19159.947724800008;19159.977523200003;19159.985356800004;19160.0;19160.0;19159.977523200003;19159.9926784;19159.970201600005;19160.0;19160.0;19160.0;19159.970201600005;19160.0;19159.962880000006;19159.9926784;19159.977523200003;19159.985356800004;19159.955558400008;19159.903795200018;19159.910604800014;19159.87348480002;19159.962880000006;19160.0;19160.0;19160.0;19160.0;19160.0;19159.9926784;19159.962880000006;19159.985356800004;19159.977523200003;19159.955558400008;19159.92524800001;19159.866163200022;19159.895961600017;19159.86565120002;19159.872972800018;19159.9926784;19159.93308160001;19159.9926784;19160.0;19160.0;
102.82356713883591;19159.9926784;19160.0;19159.962880000006;19159.985356800004;19159.94040320001;19160.0;19159.955046400006;19159.9926784;19159.947724800008;19159.977523200003;19159.985356800004;19160.0;19160.0;19159.977523200003;19159.9926784;19159.970201600005;19160.0;19160.0;19160.0;19159.970201600005;19160.0;19159.962880000006;19159.9926784;19159.977523200003;19159.985356800004;19159.955558400008;19159.903795200018;19159.910604800014;19159.87348480002;19159.962880000006;19160.0;19160.0;19160.0;19160.0;19160.0;19159.9926784;19159.962880000006;19159.985356800004;19159.977523200003;19159.955558400008;19159.92524800001;19159.866163200022;19159.895961600017;19159.86565120002;19159.872972800018;19159.9926784;19159.93308160001;19159.9926784;19160.0;19160.0;
103.69169036023602;19159.9926784;19160.0;19159.962880000006;19159.978035200005;19159.94040320001;19160.0;19159.955046400006;19159.985356800004;19159.947724800008;19159.977523200003;19159.985356800004;19160.0;19160.0;19159.977523200003;19159.9926784;19159.970201600005;19160.0;19160.0;19160.0;19159.970201600005;19160.0;19159.962880000006;19159.9926784;19159.977523200003;19159.985356800004;19159.955558400008;19159.903795200018;19159.910604800014;19159.87348480002;19159.955558400008;19160.0;19160.0;19160.0;19160.0;19160.0;19159.9926784;19159.962880000006;19159.985356800004;19159.977523200003;19159.955558400008;19159.92524800001;19159.866163200022;19159.895961600017;19159.86565120002;19159.872972800018;19159.9926784;19159.93308160001;19159.9926784;19160.0;19160.0;
103.71668921281629;19159.9926784;19160.0;19159.962880000006;19159.978035200005;19159.94040320001;19160.0;19159.955046400006;19159.985356800004;19159.947724800008;19159.977523200003;19159.985356800004;19160.0;19160.0;19159.977523200003;19159.9926784;19159.970201600005;19160.0;19160.0;19160.0;19159.970201600005;19160.0;19159.962880000006;19159.9926784;19159.977523200003;19159.985356800004;19159.955558400008;19159.903795200018;19159.910604800014;19159.87348480002;19159.955558400008;19160.0;19160.0;19160.0;19160.0;19160.0;19159.9926784;19159.962880000006;19159.985356800004;19159.977523200003;19159.955558400008;19159.92524800001;19159.866163200022;19159.895961600017;19159.86565120002;19159.86565120002;19159.985356800004;19159.93308160001;19159.9926784;19160.0;19160.0;
103.7166918589664;19159.9926784;19160.0;19159.962880000006;19159.978035200005;19159.94040320001;19160.0;19159.955046400006;19159.985356800004;19159.947724800008;19159.977523200003;19159.985356800004;19160.0;19160.0;19159.977523200003;19159.9926784;19159.970201600005;19160.0;19160.0;19160.0;19159.970201600005;19160.0;19159.962880000006;19159.9926784;19159.977523200003;19159.985356800004;19159.955558400008;19159.903795200018;19159.903283200016;19159.87348480002;19159.94823680001;19160.0;19160.0;19160.0;19160.0;19160.0;19159.9926784;19159.962880000006;19159.985356800004;19159.977523200003;19159.955558400008;19159.92524800001;19159.866163200022;19159.895961600017;19159.86565120002;19159.85832960002;19159.985356800004;19159.93308160001;19159.9926784;19160.0;19160.0;
103.71868865979815;19159.9926784;19160.0;19159.962880000006;19159.978035200005;19159.94040320001;19160.0;19159.955046400006;19159.985356800004;19159.947724800008;19159.977523200003;19159.985356800004;19160.0;19160.0;19159.977523200003;19159.9926784;19159.970201600005;19160.0;19160.0;19160.0;19159.970201600005;19160.0;19159.962880000006;19159.9926784;19159.977523200003;19159.985356800004;19159.955558400008;19159.903795200018;19159.903283200016;19159.87348480002;19159.94823680001;19160.0;19160.0;19160.0;19160.0;19160.0;19159.9926784;19159.962880000006;19159.985356800004;19159.977523200003;19159.955558400008;19159.92524800001;19159.866163200022;19159.895961600017;19159.86565120002;19159.85832960002;19159.985356800004;19159.93308160001;19159.9926784;19160.0;19160.0;
103.71868865979815;19159.9926784;19160.0;19159.962880000006;19159.962880000006;19159.94040320001;19160.0;19159.955046400006;19159.985356800004;19159.947724800008;19159.977523200003;19159.985356800004;19160.0;19160.0;19159.977523200003;19159.9926784;19159.970201600005;19160.0;19160.0;19160.0;19159.970201600005;19160.0;19159.962880000006;19159.9926784;19159.977523200003;19159.985356800004;19159.955558400008;19159.903795200018;19159.903283200016;19159.87348480002;19159.94823680001;19160.0;19160.0;19160.0;19160.0;19160.0;19159.9926784;19159.962880000006;19159.985356800004;19159.977523200003;19159.955558400008;19159.92524800001;19159.866163200022;19159.895961600017;19159.86565120002;19159.85832960002;19159.985356800004;19159.93308160001;19159.9926784;19160.0;19160.0;
103.71968896100148;19159.9926784;19160.0;19159.962880000006;19159.962880000006;19159.94040320001;19160.0;19159.955046400006;19159.985356800004;19159.947724800008;19159.977523200003;19159.985356800004;19160.0;19160.0;19159.977523200003;19159.9926784;19159.970201600005;19160.0;19160.0;19160.0;19159.970201600005;19160.0;19159.962880000006;19159.9926784;19159.977523200003;19159.985356800004;19159.955558400008;19159.903795200018;19159.903283200016;19159.87348480002;19159.94823680001;19160.0;19160.0;19160.0;19160.0;19160.0;19159.9926784;19159.962880000006;19159.985356800004;19159.977523200003;19159.955558400008;19159.92524800001;19159.866163200022;19159.895961600017;19159.85832960002;19159.851008000023;19159.985356800004;19159.93308160001;19159.9926784;19160.0;19160.0;
103.71968917618388;19159.9926784;19160.0;19159.962880000006;19159.962880000006;19159.94040320001;19160.0;19159.955046400006;19159.985356800004;19159.947724800008;19159.977523200003;19159.985356800004;19160.0;19160.0;19159.977523200003;19159.9926784;19159.970201600005;19160.0;19160.0;19160.0;19159.970201600005;19160.0;19159.962880000006;19159.9926784;19159.977523200003;19159.985356800004;19159.955558400008;19159.903795200018;19159.903283200016;19159.87348480002;19159.94823680001;19160.0;19160.0;19160.0;19160.0;19160.0;19159.9926784;19159.962880000006;19159.985356800004;19159.977523200003;19159.955558400008;19159.92524800001;19159.866163200022;19159.895961600017;19159.85832960002;19159.851008000023;19159.985356800004;19159.93308160001;19159.9926784;19160.0;19160.0;
103.71968917618388;19159.9926784;19160.0;19159.962880000006;19159.962880000006;19159.94040320001;19160.0;19159.955046400006;19159.970201600005;19159.947724800008;19159.977523200003;19159.985356800004;19160.0;19160.0;19159.977523200003;19159.9926784;19159.970201600005;19160.0;19160.0;19160.0;19159.970201600005;19160.0;19159.962880000006;19159.9926784;19159.977523200003;19159.985356800004;19159.955558400008;19159.903795200018;19159.903283200016;19159.87348480002;19159.94823680001;19160.0;19160.0;19160.0;19160.0;19160.0;19159.9926784;19159.962880000006;19159.985356800004;19159.977523200003;19159.955558400008;19159.92524800001;19159.866163200022;19159.895961600017;19159.85832960002;19159.851008000023;19159.985356800004;19159.93308160001;19159.9926784;19160.0;19160.0;
103.72568893173155;19159.9926784;19160.0;19159.962880000006;19159.962880000006;19159.94040320001;19160.0;19159.955046400006;19159.970201600005;19159.947724800008;19159.977523200003;19159.985356800004;19160.0;19160.0;19159.977523200003;19159.9926784;19159.970201600005;19160.0;19160.0;19160.0;19159.970201600005;19160.0;19159.962880000006;19159.9926784;19159.977523200003;19159.985356800004;19159.955558400008;19159.903795200018;19159.903283200016;19159.87348480002;19159.94823680001;19160.0;19160.0;19160.0;19160.0;19160.0;19159.9926784;19159.962880000006;19159.985356800004;19159.977523200003;19159.955558400008;19159.92524800001;19159.866163200022;19159.895961600017;19159.85832960002;19159.851008000023;19159.985356800004;19159.93308160001;19159.9926784;19160.0;19160.0;
103.72568893173155;19159.9926784;19160.0;19159.962880000006;19159.962880000006;19159.94040320001;19160.0;19159.955046400006;19159.970201600005;19159.947724800008;19159.977523200003;19159.985356800004;19160.0;19160.0;19159.977523200003;19159.9926784;19159.970201600005;19160.0;19160.0;19160.0;19159.970201600005;19160.0;19159.962880000006;19159.9926784;19159.977523200003;19159.985356800004;19159.955558400008;19159.903795200018;19159.903283200016;19159.87348480002;19159.93308160001;19160.0;19160.0;19160.0;19160.0;19160.0;19159.9926784;19159.962880000006;19159.985356800004;19159.977523200003;19159.955558400008;19159.92524800001;19159.866163200022;19159.895961600017;19159.85832960002;19159.851008000023;19159.985356800004;19159.93308160001;19159.9926784;19160.0;19160.0;
103.8235671388359;19159.9926784;19160.0;19159.962880000006;19159.962880000006;19159.94040320001;19160.0;19159.955046400006;19159.970201600005;19159.947724800008;19159.977523200003;19159.985356800004;19160.0;19160.0;19159.977523200003;19159.9926784;19159.970201600005;19160.0;19160.0;19160.0;19159.970201600005;19160.0;19159.962880000006;19159.9926784;19159.977523200003;19159.985356800004;19159.955558400008;19159.903795200018;19159.903283200016;19159.87348480002;19159.93308160001;19160.0;19160.0;19160.0;19160.0;19160.0;19159.9926784;19159.962880000006;19159.985356800004;19159.977523200003;19159.955558400008;19159.92524800001;19159.866163200022;19159.895961600017;19159.85832960002;19159.851008000023;19159.985356800004;19159.93308160001;19159.9926784;19160.0;19160.0;
104.88681188119826;19159.9926784;19160.0;19159.962880000006;19159.962880000006;19159.94040320001;19160.0;19159.947724800008;19159.970201600005;19159.947724800008;19159.970201600005;19159.985356800004;19160.0;19160.0;19159.977523200003;19159.9926784;19159.970201600005;19160.0;19160.0;19160.0;19159.970201600005;19160.0;19159.962880000006;19159.9926784;19159.977523200003;19159.985356800004;19159.955558400008;19159.903795200018;19159.903283200016;19159.87348480002;19159.93308160001;19160.0;19160.0;19160.0;19160.0;19160.0;19159.9926784;19159.962880000006;19159.985356800004;19159.977523200003;19159.955558400008;19159.92524800001;19159.866163200022;19159.895961600017;19159.85832960002;19159.851008000023;19159.985356800004;19159.93308160001;19159.9926784;19160.0;19159.9926784;
104.887812397584;19159.9926784;19160.0;19159.962880000006;19159.962880000006;19159.94040320001;19159.9926784;19159.947724800008;19159.970201600005;19159.947724800008;19159.962880000006;19159.985356800004;19160.0;19160.0;19159.977523200003;19159.9926784;19159.970201600005;19160.0;19160.0;19160.0;19159.970201600005;19160.0;19159.955558400008;19159.9926784;19159.977523200003;19159.985356800004;19159.955558400008;19159.903795200018;19159.903283200016;19159.87348480002;19159.93308160001;19160.0;19160.0;19160.0;19160.0;19160.0;19159.9926784;19159.962880000006;19159.985356800004;19159.977523200003;19159.955558400008;19159.92524800001;19159.866163200022;19159.895961600017;19159.85832960002;19159.851008000023;19159.985356800004;19159.93308160001;19159.9926784;19160.0;19159.9926784;
104.89381215313168;19159.9926784;19160.0;19159.962880000006;19159.962880000006;19159.94040320001;19159.9926784;19159.947724800008;19159.970201600005;19159.947724800008;19159.955558400008;19159.985356800004;19160.0;19160.0;19159.977523200003;19159.9926784;19159.970201600005;19160.0;19160.0;19160.0;19159.970201600005;19160.0;19159.955558400008;19159.9926784;19159.977523200003;19159.985356800004;19159.955558400008;19159.903795200018;19159.903283200016;19159.866163200022;19159.93308160001;19160.0;19160.0;19160.0;19160.0;19160.0;19159.9926784;19159.962880000006;19159.985356800004;19159.977523200003;19159.955558400008;19159.92524800001;19159.866163200022;19159.895961600017;19159.85832960002;19159.851008000023;19159.985356800004;19159.93308160001;19159.985356800004;19160.0;19159.9926784;
104.96181341902167;19159.9926784;19160.0;19159.962880000006;19159.962880000006;19159.94040320001;19159.9926784;19159.947724800008;19159.970201600005;19159.947724800008;19159.955558400008;19159.985356800004;19160.0;19160.0;19159.977523200003;19159.9926784;19159.970201600005;19160.0;19160.0;19160.0;19159.970201600005;19160.0;19159.955558400008;19159.9926784;19159.977523200003;19159.985356800004;19159.955558400008;19159.903795200018;19159.903283200016;19159.866163200022;19159.93308160001;19160.0;19160.0;19160.0;19160.0;19160.0;19159.9926784;19159.962880000006;19159.985356800004;19159.977523200003;19159.955558400008;19159.92524800001;19159.866163200022;19159.895961600017;19159.85832960002;19159.851008000023;19159.985356800004;19159.93308160001;19159.985356800004;19160.0;19159.9926784;
104.96181341902167;19159.9926784;19160.0;19159.962880000006;19159.962880000006;19159.94040320001;19159.9926784;19159.947724800008;19159.970201600005;19159.947724800008;19159.94040320001;19159.985356800004;19160.0;19160.0;19159.977523200003;19159.9926784;19159.970201600005;19160.0;19160.0;19160.0;19159.970201600005;19160.0;19159.955558400008;19159.9926784;19159.977523200003;19159.985356800004;19159.955558400008;19159.903795200018;19159.903283200016;19159.866163200022;19159.93308160001;19160.0;19160.0;19160.0;19160.0;19160.0;19159.9926784;19159.962880000006;19159.985356800004;19159.977523200003;19159.955558400008;19159.92524800001;19159.866163200022;19159.895961600017;19159.85832960002;19159.851008000023;19159.985356800004;19159.93308160001;19159.985356800004;19160.0;19159.9926784;
105.96181341902167;19159.9926784;19160.0;19159.962880000006;19159.962880000006;19159.94040320001;19159.9926784;19159.947724800008;19159.970201600005;19159.947724800008;19159.94040320001;19159.985356800004;19160.0;19160.0;19159.977523200003;19159.9926784;19159.970201600005;19160.0;19160.0;19160.0;19159.970201600005;19160.0;19159.955558400008;19159.9926784;19159.977523200003;19159.985356800004;19159.955558400008;19159.903795200018;19159.903283200016;19159.866163200022;19159.93308160001;19160.0;19160.0;19160.0;19160.0;19160.0;19159.9926784;19159.962880000006;19159.985356800004;19159.977523200003;19159.955558400008;19159.92524800001;19159.866163200022;19159.895961600017;19159.85832960002;19159.851008000023;19159.985356800004;19159.93308160001;19159.985356800004;19160.0;19159.9926784;
106.12993664042177;19159.9926784;19160.0;19159.962880000006;19159.955558400008;19159.94040320001;19159.9926784;19159.947724800008;19159.962880000006;19159.947724800008;19159.94040320001;19159.985356800004;19160.0;19160.0;19159.977523200003;19159.9926784;19159.970201600005;19160.0;19160.0;19160.0;19159.970201600005;19160.0;19159.955558400008;19159.9926784;19159.977523200003;19159.985356800004;19159.955558400008;19159.903795200018;19159.903283200016;19159.866163200022;19159.925760000013;19160.0;19160.0;19160.0;19160.0;19160.0;19159.9926784;19159.962880000006;19159.985356800004;19159.977523200003;19159.955558400008;19159.92524800001;19159.866163200022;19159.895961600017;19159.85832960002;19159.851008000023;19159.985356800004;19159.93308160001;19159.985356800004;19160.0;19159.9926784;
106.14093617525843;19159.9926784;19160.0;19159.962880000006;19159.955558400008;19159.94040320001;19159.9926784;19159.947724800008;19159.962880000006;19159.947724800008;19159.94040320001;19159.985356800004;19160.0;19160.0;19159.977523200003;19159.9926784;19159.970201600005;19160.0;19160.0;19160.0;19159.970201600005;19160.0;19159.955558400008;19159.9926784;19159.977523200003;19159.985356800004;19159.955558400008;19159.903795200018;19159.903283200016;19159.866163200022;19159.925760000013;19160.0;19160.0;19160.0;19160.0;19160.0;19159.9926784;19159.962880000006;19159.985356800004;19159.977523200003;19159.955558400008;19159.92524800001;19159.866163200022;19159.895961600017;19159.85832960002;19159.851008000023;19159.985356800004;19159.93308160001;19159.985356800004;19160.0;19159.9926784;
106.14093617525843;19159.9926784;19160.0;19159.962880000006;19159.955558400008;19159.94040320001;19159.9926784;19159.947724800008;19159.947724800008;19159.947724800008;19159.94040320001;19159.985356800004;19160.0;19160.0;19159.977523200003;19159.9926784;19159.970201600005;19160.0;19160.0;19160.0;19159.970201600005;19160.0;19159.955558400008;19159.9926784;19159.977523200003;19159.985356800004;19159.955558400008;19159.903795200018;19159.903283200016;19159.866163200022;19159.925760000013;19160.0;19160.0;19160.0;19160.0;19160.0;19159.9926784;19159.962880000006;19159.985356800004;19159.977523200003;19159.955558400008;19159.92524800001;19159.866163200022;19159.895961600017;19159.85832960002;19159.851008000023;19159.985356800004;19159.93308160001;19159.985356800004;19160.0;19159.9926784;
106.14393575871324;19159.9926784;19160.0;19159.962880000006;19159.955558400008;19159.94040320001;19159.9926784;19159.947724800008;19159.947724800008;19159.947724800008;19159.94040320001;19159.985356800004;19160.0;19160.0;19159.977523200003;19159.9926784;19159.970201600005;19160.0;19160.0;19160.0;19159.970201600005;19160.0;19159.955558400008;19159.9926784;19159.977523200003;19159.985356800004;19159.955558400008;19159.903795200018;19159.903283200016;19159.866163200022;19159.925760000013;19160.0;19160.0;19160.0;19160.0;19160.0;19159.9926784;19159.962880000006;19159.985356800004;19159.977523200003;19159.955558400008;19159.92524800001;19159.866163200022;19159.895961600017;19159.85832960002;19159.851008000023;19159.985356800004;19159.93308160001;19159.985356800004;19160.0;19159.9926784;
106.14393575871324;19159.9926784;19160.0;19159.962880000006;19159.94040320001;19159.94040320001;19159.9926784;19159.947724800008;19159.947724800008;19159.947724800008;19159.94040320001;19159.985356800004;19160.0;19160.0;19159.977523200003;19159.9926784;19159.970201600005;19160.0;19160.0;19160.0;19159.970201600005;19160.0;19159.955558400008;19159.9926784;19159.977523200003;19159.985356800004;19159.955558400008;19159.903795200018;19159.903283200016;19159.866163200022;19159.925760000013;19160.0;19160.0;19160.0;19160.0;19160.0;19159.9926784;19159.962880000006;19159.985356800004;19159.977523200003;19159.955558400008;19159.92524800001;19159.866163200022;19159.895961600017;19159.85832960002;19159.851008000023;19159.985356800004;19159.93308160001;19159.985356800004;19160.0;19159.9926784;
106.1779346237096;19159.9926784;19160.0;19159.962880000006;19159.94040320001;19159.94040320001;19159.9926784;19159.947724800008;19159.947724800008;19159.947724800008;19159.94040320001;19159.985356800004;19160.0;19160.0;19159.977523200003;19159.9926784;19159.970201600005;19160.0;19160.0;19160.0;19159.970201600005;19160.0;19159.955558400008;19159.9926784;19159.977523200003;19159.985356800004;19159.955558400008;19159.903795200018;19159.903283200016;19159.866163200022;19159.925760000013;19160.0;19160.0;19160.0;19160.0;19160.0;19159.9926784;19159.962880000006;19159.985356800004;19159.977523200003;19159.955558400008;19159.92524800001;19159.866163200022;19159.895961600017;19159.85832960002;19159.851008000023;19159.985356800004;19159.93308160001;19159.985356800004;19160.0;19159.9926784;
106.1779346237096;19159.9926784;19160.0;19159.962880000006;19159.94040320001;19159.94040320001;19159.9926784;19159.947724800008;19159.947724800008;19159.947724800008;19159.94040320001;19159.985356800004;19160.0;19160.0;19159.977523200003;19159.9926784;19159.970201600005;19160.0;19160.0;19160.0;19159.970201600005;19160.0;19159.955558400008;19159.9926784;19159.977523200003;19159.985356800004;19159.955558400008;19159.903795200018;19159.903283200016;19159.866163200022;19159.910604800014;19160.0;19160.0;19160.0;19160.0;19160.0;19159.9926784;19159.962880000006;19159.985356800004;19159.977523200003;19159.955558400008;19159.92524800001;19159.866163200022;19159.895961600017;19159.85832960002;19159.851008000023;19159.985356800004;19159.93308160001;19159.985356800004;19160.0;19159.9926784;
107.30905939665854;19159.9926784;19160.0;19159.962880000006;19159.94040320001;19159.94040320001;19159.985356800004;19159.947724800008;19159.947724800008;19159.947724800008;19159.93308160001;19159.985356800004;19160.0;19160.0;19159.977523200003;19159.9926784;19159.970201600005;19160.0;19160.0;19160.0;19159.970201600005;19160.0;19159.94823680001;19159.9926784;19159.977523200003;19159.985356800004;19159.955558400008;19159.903795200018;19159.903283200016;19159.866163200022;19159.910604800014;19160.0;19160.0;19160.0;19160.0;19160.0;19159.9926784;19159.962880000006;19159.985356800004;19159.977523200003;19159.955558400008;19159.92524800001;19159.866163200022;19159.895961600017;19159.85832960002;19159.851008000023;19159.985356800004;19159.93308160001;19159.985356800004;19160.0;19159.9926784;
107.31205898011335;19159.9926784;19160.0;19159.962880000006;19159.94040320001;19159.94040320001;19159.985356800004;19159.94040320001;19159.947724800008;19159.947724800008;19159.925760000013;19159.985356800004;19160.0;19160.0;19159.977523200003;19159.9926784;19159.970201600005;19160.0;19160.0;19160.0;19159.970201600005;19160.0;19159.94823680001;19159.9926784;19159.977523200003;19159.985356800004;19159.955558400008;19159.903795200018;19159.903283200016;19159.866163200022;19159.910604800014;19160.0;19160.0;19160.0;19160.0;19160.0;19159.9926784;19159.962880000006;19159.985356800004;19159.977523200003;19159.955558400008;19159.92524800001;19159.866163200022;19159.895961600017;19159.85832960002;19159.851008000023;19159.985356800004;19159.93308160001;19159.985356800004;19160.0;19159.985356800004;
107.34605784510971;19159.9926784;19160.0;19159.962880000006;19159.94040320001;19159.94040320001;19159.985356800004;19159.94040320001;19159.947724800008;19159.947724800008;19159.918438400015;19159.985356800004;19160.0;19160.0;19159.977523200003;19159.9926784;19159.970201600005;19160.0;19160.0;19160.0;19159.970201600005;19160.0;19159.94823680001;19159.9926784;19159.977523200003;19159.985356800004;19159.955558400008;19159.903795200018;19159.903283200016;19159.858841600024;19159.910604800014;19160.0;19160.0;19160.0;19160.0;19160.0;19159.9926784;19159.962880000006;19159.985356800004;19159.977523200003;19159.955558400008;19159.92524800001;19159.866163200022;19159.895961600017;19159.85832960002;19159.851008000023;19159.985356800004;19159.93308160001;19159.978035200005;19160.0;19159.985356800004;
120.00333333333333;19159.9926784;19160.0;19159.962880000006;19159.94040320001;19159.94040320001;19159.985356800004;19159.94040320001;19159.947724800008;19159.947724800008;19159.918438400015;19159.985356800004;19160.0;19160.0;19159.977523200003;19159.9926784;19159.970201600005;19160.0;19160.0;19160.0;19159.970201600005;19160.0;19159.94823680001;19159.9926784;19159.977523200003;19159.985356800004;19159.955558400008;19159.903795200018;19159.903283200016;19159.858841600024;19159.910604800014;19160.0;19160.0;19160.0;19160.0;19160.0;19159.9926784;19159.962880000006;19159.985356800004;19159.977523200003;19159.955558400008;19159.92524800001;19159.866163200022;19159.895961600017;19159.85832960002;19159.851008000023;19159.985356800004;19159.93308160001;19159.978035200005;19160.0;19159.985356800004;
121.33345837564528;19159.9926784;19160.0;19159.962880000006;19159.94040320001;19159.94040320001;19159.985356800004;19159.94040320001;19159.947724800008;19159.947724800008;19159.918438400015;19159.985356800004;19160.0;19160.0;19159.977523200003;19159.9926784;19159.970201600005;19160.0;19160.0;19160.0;19159.970201600005;19160.0;19159.94823680001;19159.9926784;19159.977523200003;19159.985356800004;19159.955558400008;19159.903795200018;19159.903283200016;19159.858841600024;19159.910604800014;19160.0;19160.0;19160.0;19160.0;19160.0;19159.9926784;19159.962880000006;19159.985356800004;19159.977523200003;19159.955558400008;19159.92524800001;19159.866163200022;19159.895961600017;19159.85832960002;19159.851008000023;19159.985356800004;19159.93308160001;19159.978035200005;19160.0;19159.985356800004;
121.33645918845006;19159.9926784;19160.0;19159.962880000006;19159.94040320001;19159.94040320001;19159.985356800004;19159.94040320001;19159.947724800008;19159.947724800008;19159.918438400015;19159.985356800004;19160.0;19160.0;19159.977523200003;19159.9926784;19159.970201600005;19160.0;19160.0;19160.0;19159.970201600005;19160.0;19159.94823680001;19159.9926784;19159.977523200003;19159.985356800004;19159.955558400008;19159.903795200018;19159.903283200016;19159.858841600024;19159.910604800014;19160.0;19160.0;19160.0;19160.0;19160.0;19159.9926784;19159.962880000006;19159.985356800004;19159.977523200003;19159.955558400008;19159.92524800001;19159.866163200022;19159.895961600017;19159.85832960002;19159.851008000023;19159.985356800004;19159.93308160001;19159.978035200005;19160.0;19159.985356800004;
121.34345436675324;19159.9926784;19160.0;19159.962880000006;19159.94040320001;19159.94040320001;19159.985356800004;19159.94040320001;19159.947724800008;19159.947724800008;19159.918438400015;19159.985356800004;19160.0;19160.0;19159.977523200003;19159.9926784;19159.970201600005;19160.0;19160.0;19160.0;19159.970201600005;19160.0;19159.94823680001;19159.9926784;19159.977523200003;19159.985356800004;19159.955558400008;19159.903795200018;19159.903283200016;19159.858841600024;19159.910604800014;19160.0;19160.0;19160.0;19160.0;19160.0;19159.9926784;19159.962880000006;19159.985356800004;19159.977523200003;19159.955558400008;19159.92524800001;19159.866163200022;19159.895961600017;19159.85832960002;19159.851008000023;19159.985356800004;19159.93308160001;19159.978035200005;19160.0;19159.985356800004;
121.35045354123535;19159.9926784;19160.0;19159.962880000006;19159.94040320001;19159.94040320001;19159.985356800004;19159.94040320001;19159.947724800008;19159.947724800008;19159.918438400015;19159.985356800004;19160.0;19160.0;19159.977523200003;19159.9926784;19159.970201600005;19160.0;19160.0;19160.0;19159.970201600005;19160.0;19159.94823680001;19159.9926784;19159.977523200003;19159.985356800004;19159.955558400008;19159.903795200018;19159.903283200016;19159.858841600024;19159.910604800014;19160.0;19160.0;19160.0;19160.0;19160.0;19159.9926784;19159.962880000006;19159.985356800004;19159.977523200003;19159.955558400008;19159.92524800001;19159.866163200022;19159.895961600017;19159.85832960002;19159.851008000023;19159.985356800004;19159.93308160001;19159.978035200005;19160.0;19159.985356800004;
121.35946106115756;19159.9926784;19160.0;19159.962880000006;19159.94040320001;19159.94040320001;19159.985356800004;19159.94040320001;19159.947724800008;19159.947724800008;19159.918438400015;19159.985356800004;19160.0;19160.0;19159.977523200003;19159.9926784;19159.970201600005;19160.0;19160.0;19160.0;19159.970201600005;19160.0;19159.94823680001;19159.9926784;19159.977523200003;19159.985356800004;19159.955558400008;19159.903795200018;19159.903283200016;19159.858841600024;19159.910604800014;19160.0;19160.0;19160.0;19160.0;19160.0;19159.9926784;19159.962880000006;19159.985356800004;19159.977523200003;19159.955558400008;19159.92524800001;19159.866163200022;19159.895961600017;19159.85832960002;19159.851008000023;19159.985356800004;19159.93308160001;19159.978035200005;19160.0;19159.985356800004;
122.50158159704539;19159.9926784;19160.0;19159.962880000006;19159.94040320001;19159.94040320001;19159.985356800004;19159.94040320001;19159.947724800008;19159.947724800008;19159.918438400015;19159.985356800004;19160.0;19160.0;19159.977523200003;19159.9926784;19159.970201600005;19160.0;19160.0;19160.0;19159.970201600005;19160.0;19159.94823680001;19159.9926784;19159.977523200003;19159.985356800004;19159.955558400008;19159.903795200018;19159.903283200016;19159.858841600024;19159.910604800014;19160.0;19160.0;19160.0;19160.0;19160.0;19159.9926784;19159.962880000006;19159.985356800004;19159.977523200003;19159.955558400008;19159.92524800001;19159.866163200022;19159.895961600017;19159.85832960002;19159.851008000023;19159.985356800004;19159.93308160001;19159.978035200005;19160.0;19159.985356800004;
122.50458240985017;19159.9926784;19160.0;19159.962880000006;19159.94040320001;19159.94040320001;19159.985356800004;19159.94040320001;19159.947724800008;19159.947724800008;19159.918438400015;19159.985356800004;19160.0;19160.0;19159.977523200003;19159.9926784;19159.970201600005;19160.0;19160.0;19160.0;19159.970201600005;19160.0;19159.94823680001;19159.9926784;19159.977523200003;19159.985356800004;19159.955558400008;19159.903795200018;19159.903283200016;19159.858841600024;19159.910604800014;19160.0;19160.0;19160.0;19160.0;19160.0;19159.9926784;19159.962880000006;19159.985356800004;19159.977523200003;19159.955558400008;19159.92524800001;19159.866163200022;19159.895961600017;19159.85832960002;19159.851008000023;19159.985356800004;19159.93308160001;19159.978035200005;19160.0;19159.985356800004;
122.51157758815333;19159.9926784;19160.0;19159.962880000006;19159.94040320001;19159.94040320001;19159.985356800004;19159.94040320001;19159.947724800008;19159.947724800008;19159.918438400015;19159.985356800004;19160.0;19160.0;19159.977523200003;19159.9926784;19159.970201600005;19160.0;19160.0;19160.0;19159.970201600005;19160.0;19159.94823680001;19159.9926784;19159.977523200003;19159.985356800004;19159.955558400008;19159.903795200018;19159.903283200016;19159.858841600024;19159.910604800014;19160.0;19160.0;19160.0;19160.0;19160.0;19159.9926784;19159.962880000006;19159.985356800004;19159.977523200003;19159.955558400008;19159.92524800001;19159.866163200022;19159.895961600017;19159.85832960002;19159.851008000023;19159.985356800004;19159.93308160001;19159.978035200005;19160.0;19159.985356800004;
122.51857676263546;19159.9926784;19160.0;19159.962880000006;19159.94040320001;19159.94040320001;19159.985356800004;19159.94040320001;19159.947724800008;19159.947724800008;19159.918438400015;19159.985356800004;19160.0;19160.0;19159.977523200003;19159.9926784;19159.970201600005;19160.0;19160.0;19160.0;19159.970201600005;19160.0;19159.94823680001;19159.9926784;19159.977523200003;19159.985356800004;19159.955558400008;19159.903795200018;19159.903283200016;19159.858841600024;19159.910604800014;19160.0;19160.0;19160.0;19160.0;19160.0;19159.9926784;19159.962880000006;19159.985356800004;19159.977523200003;19159.955558400008;19159.92524800001;19159.866163200022;19159.895961600017;19159.85832960002;19159.851008000023;19159.985356800004;19159.93308160001;19159.978035200005;19160.0;19159.985356800004;
122.52758428255767;19159.9926784;19160.0;19159.962880000006;19159.94040320001;19159.94040320001;19159.985356800004;19159.94040320001;19159.947724800008;19159.947724800008;19159.918438400015;19159.985356800004;19160.0;19160.0;19159.977523200003;19159.9926784;19159.970201600005;19160.0;19160.0;19160.0;19159.970201600005;19160.0;19159.94823680001;19159.9926784;19159.977523200003;19159.985356800004;19159.955558400008;19159.903795200018;19159.903283200016;19159.858841600024;19159.910604800014;19160.0;19160.0;19160.0;19160.0;19160.0;19159.9926784;19159.962880000006;19159.985356800004;19159.977523200003;19159.955558400008;19159.92524800001;19159.866163200022;19159.895961600017;19159.85832960002;19159.851008000023;19159.985356800004;19159.93308160001;19159.978035200005;19160.0;19159.985356800004;
123.88959146889714;19159.9926784;19160.0;19159.962880000006;19159.94040320001;19159.94040320001;19159.985356800004;19159.94040320001;19159.947724800008;19159.947724800008;19159.918438400015;19159.985356800004;19160.0;19160.0;19159.977523200003;19159.9926784;19159.970201600005;19160.0;19160.0;19160.0;19159.970201600005;19160.0;19159.94823680001;19159.9926784;19159.977523200003;19159.985356800004;19159.955558400008;19159.903795200018;19159.903283200016;19159.858841600024;19159.910604800014;19160.0;19160.0;19160.0;19160.0;19160.0;19159.9926784;19159.962880000006;19159.985356800004;19159.977523200003;19159.955558400008;19159.92524800001;19159.866163200022;19159.895961600017;19159.85832960002;19159.851008000023;19159.985356800004;19159.93308160001;19159.978035200005;19160.0;19159.985356800004;
123.90359109455727;19159.9926784;19160.0;19159.962880000006;19159.94040320001;19159.94040320001;19159.985356800004;19159.94040320001;19159.947724800008;19159.947724800008;19159.918438400015;19159.985356800004;19160.0;19160.0;19159.977523200003;19159.9926784;19159.970201600005;19160.0;19160.0;19160.0;19159.970201600005;19160.0;19159.94823680001;19159.9926784;19159.977523200003;19159.985356800004;19159.955558400008;19159.903795200018;19159.903283200016;19159.858841600024;19159.910604800014;19160.0;19160.0;19160.0;19160.0;19160.0;19159.9926784;19159.962880000006;19159.985356800004;19159.977523200003;19159.955558400008;19159.92524800001;19159.866163200022;19159.895961600017;19159.85832960002;19159.851008000023;19159.985356800004;19159.93308160001;19159.978035200005;19160.0;19159.985356800004;
123.92469478889703;19159.9926784;19160.0;19159.962880000006;19159.94040320001;19159.94040320001;19159.985356800004;19159.94040320001;19159.947724800008;19159.947724800008;19159.918438400015;19159.985356800004;19160.0;19160.0;19159.977523200003;19159.9926784;19159.970201600005;19160.0;19160.0;19160.0;19159.970201600005;19160.0;19159.94823680001;19159.9926784;19159.977523200003;19159.985356800004;19159.955558400008;19159.903795200018;19159.903283200016;19159.858841600024;19159.910604800014;19160.0;19160.0;19160.0;19160.0;19160.0;19159.9926784;19159.962880000006;19159.985356800004;19159.977523200003;19159.955558400008;19159.92524800001;19159.866163200022;19159.895961600017;19159.85832960002;19159.851008000023;19159.985356800004;19159.93308160001;19159.978035200005;19160.0;19159.985356800004;
123.96959314381974;19159.9926784;19160.0;19159.962880000006;19159.94040320001;19159.94040320001;19159.985356800004;19159.94040320001;19159.947724800008;19159.947724800008;19159.918438400015;19159.985356800004;19160.0;19160.0;19159.977523200003;19159.9926784;19159.970201600005;19160.0;19160.0;19160.0;19159.970201600005;19160.0;19159.94823680001;19159.9926784;19159.977523200003;19159.985356800004;19159.955558400008;19159.903795200018;19159.903283200016;19159.858841600024;19159.910604800014;19160.0;19160.0;19160.0;19160.0;19160.0;19159.9926784;19159.962880000006;19159.985356800004;19159.977523200003;19159.955558400008;19159.92524800001;19159.866163200022;19159.895961600017;19159.85832960002;19159.851008000023;19159.985356800004;19159.93308160001;19159.978035200005;19160.0;19159.985356800004;
123.96959314381974;19159.9926784;19160.0;19159.962880000006;19159.94040320001;19159.92524800001;19159.985356800004;19159.94040320001;19159.947724800008;19159.947724800008;19159.918438400015;19159.985356800004;19160.0;19160.0;19159.977523200003;19159.9926784;19159.970201600005;19160.0;19160.0;19160.0;19159.970201600005;19160.0;19159.94823680001;19159.9926784;19159.977523200003;19159.985356800004;19159.955558400008;19159.903795200018;19159.903283200016;19159.858841600024;19159.910604800014;19160.0;19160.0;19160.0;19160.0;19160.0;19159.9926784;19159.962880000006;19159.985356800004;19159.977523200003;19159.955558400008;19159.92524800001;19159.866163200022;19159.895961600017;19159.85832960002;19159.851008000023;19159.985356800004;19159.93308160001;19159.978035200005;19160.0;19159.985356800004;
124.26959314381973;19159.9926784;19160.0;19159.962880000006;19159.94040320001;19159.92524800001;19159.985356800004;19159.94040320001;19159.947724800008;19159.947724800008;19159.918438400015;19159.985356800004;19160.0;19160.0;19159.977523200003;19159.9926784;19159.970201600005;19160.0;19160.0;19160.0;19159.970201600005;19160.0;19159.94823680001;19159.9926784;19159.977523200003;19159.985356800004;19159.955558400008;19159.903795200018;19159.903283200016;19159.858841600024;19159.910604800014;19160.0;19160.0;19160.0;19160.0;19160.0;19159.9926784;19159.962880000006;19159.985356800004;19159.977523200003;19159.955558400008;19159.92524800001;19159.866163200022;19159.895961600017;19159.85832960002;19159.851008000023;19159.985356800004;19159.93308160001;19159.978035200005;19160.0;19159.985356800004;
125.13771636521984;19159.9926784;19160.0;19159.962880000006;19159.94040320001;19159.92524800001;19159.985356800004;19159.93308160001;19159.947724800008;19159.94040320001;19159.918438400015;19159.985356800004;19160.0;19160.0;19159.977523200003;19159.9926784;19159.970201600005;19160.0;19160.0;19160.0;19159.970201600005;19160.0;19159.94823680001;19159.9926784;19159.977523200003;19159.985356800004;19159.955558400008;19159.903795200018;19159.903283200016;19159.858841600024;19159.910604800014;19160.0;19160.0;19160.0;19160.0;19160.0;19159.9926784;19159.962880000006;19159.985356800004;19159.977523200003;19159.955558400008;19159.92524800001;19159.866163200022;19159.895961600017;19159.85832960002;19159.851008000023;19159.985356800004;19159.93308160001;19159.978035200005;19160.0;19159.985356800004;
125.14971682768424;19159.9926784;19160.0;19159.962880000006;19159.94040320001;19159.92524800001;19159.985356800004;19159.93308160001;19159.947724800008;19159.94040320001;19159.918438400015;19159.985356800004;19160.0;19160.0;19159.977523200003;19159.9926784;19159.970201600005;19160.0;19160.0;19160.0;19159.970201600005;19160.0;19159.94823680001;19159.9926784;19159.977523200003;19159.985356800004;19159.955558400008;19159.903795200018;19159.903283200016;19159.858841600024;19159.910604800014;19160.0;19160.0;19160.0;19160.0;19160.0;19159.9926784;19159.962880000006;19159.985356800004;19159.977523200003;19159.955558400008;19159.92524800001;19159.866163200022;19159.895961600017;19159.85832960002;19159.851008000023;19159.985356800004;19159.93308160001;19159.978035200005;19160.0;19159.985356800004;
125.14971682768424;19159.9926784;19160.0;19159.962880000006;19159.94040320001;19159.92524800001;19159.985356800004;19159.917926400012;19159.947724800008;19159.94040320001;19159.918438400015;19159.985356800004;19160.0;19160.0;19159.977523200003;19159.9926784;19159.970201600005;19160.0;19160.0;19160.0;19159.970201600005;19160.0;19159.94823680001;19159.9926784;19159.977523200003;19159.985356800004;19159.955558400008;19159.903795200018;19159.903283200016;19159.858841600024;19159.910604800014;19160.0;19160.0;19160.0;19160.0;19160.0;19159.9926784;19159.962880000006;19159.985356800004;19159.977523200003;19159.955558400008;19159.92524800001;19159.866163200022;19159.895961600017;19159.85832960002;19159.851008000023;19159.985356800004;19159.93308160001;19159.978035200005;19160.0;19159.985356800004;
125.18171697414446;19159.9926784;19160.0;19159.962880000006;19159.94040320001;19159.92524800001;19159.985356800004;19159.917926400012;19159.947724800008;19159.94040320001;19159.918438400015;19159.985356800004;19160.0;19160.0;19159.977523200003;19159.9926784;19159.970201600005;19160.0;19160.0;19160.0;19159.970201600005;19160.0;19159.94823680001;19159.9926784;19159.977523200003;19159.985356800004;19159.955558400008;19159.903795200018;19159.903283200016;19159.858841600024;19159.910604800014;19160.0;19160.0;19160.0;19160.0;19160.0;19159.9926784;19159.962880000006;19159.985356800004;19159.977523200003;19159.955558400008;19159.92524800001;19159.866163200022;19159.895961600017;19159.85832960002;19159.851008000023;19159.985356800004;19159.93308160001;19159.978035200005;19160.0;19159.985356800004;
125.18171697414446;19159.9926784;19160.0;19159.962880000006;19159.94040320001;19159.92524800001;19159.985356800004;19159.917926400012;19159.947724800008;19159.92524800001;19159.918438400015;19159.985356800004;19160.0;19160.0;19159.977523200003;19159.9926784;19159.970201600005;19160.0;19160.0;19160.0;19159.970201600005;19160.0;19159.94823680001;19159.9926784;19159.977523200003;19159.985356800004;19159.955558400008;19159.903795200018;19159.903283200016;19159.858841600024;19159.910604800014;19160.0;19160.0;19160.0;19160.0;19160.0;19159.9926784;19159.962880000006;19159.985356800004;19159.977523200003;19159.955558400008;19159.92524800001;19159.866163200022;19159.895961600017;19159.85832960002;19159.851008000023;19159.985356800004;19159.93308160001;19159.978035200005;19160.0;19159.985356800004;
125.26959314381973;19159.9926784;19160.0;19159.962880000006;19159.94040320001;19159.92524800001;19159.985356800004;19159.917926400012;19159.947724800008;19159.92524800001;19159.918438400015;19159.985356800004;19160.0;19160.0;19159.977523200003;19159.9926784;19159.970201600005;19160.0;19160.0;19160.0;19159.970201600005;19160.0;19159.94823680001;19159.9926784;19159.977523200003;19159.985356800004;19159.955558400008;19159.903795200018;19159.903283200016;19159.858841600024;19159.910604800014;19160.0;19160.0;19160.0;19160.0;19160.0;19159.9926784;19159.962880000006;19159.985356800004;19159.977523200003;19159.955558400008;19159.92524800001;19159.866163200022;19159.895961600017;19159.85832960002;19159.851008000023;19159.985356800004;19159.93308160001;19159.978035200005;19160.0;19159.985356800004;
126.31784004908437;19159.9926784;19160.0;19159.962880000006;19159.93308160001;19159.917926400012;19159.985356800004;19159.917926400012;19159.947724800008;19159.92524800001;19159.918438400015;19159.978035200005;19160.0;19160.0;19159.977523200003;19159.9926784;19159.970201600005;19160.0;19160.0;19160.0;19159.970201600005;19160.0;19159.94823680001;19159.9926784;19159.977523200003;19159.985356800004;19159.955558400008;19159.903795200018;19159.903283200016;19159.858841600024;19159.910604800014;19160.0;19160.0;19160.0;19160.0;19160.0;19159.9926784;19159.962880000006;19159.985356800004;19159.977523200003;19159.955558400008;19159.92524800001;19159.866163200022;19159.895961600017;19159.85832960002;19159.851008000023;19159.985356800004;19159.93308160001;19159.978035200005;19160.0;19159.985356800004;
126.34984019554459;19159.9926784;19160.0;19159.955558400008;19159.93308160001;19159.910604800014;19159.985356800004;19159.917926400012;19159.947724800008;19159.92524800001;19159.918438400015;19159.978035200005;19160.0;19160.0;19159.977523200003;19159.9926784;19159.970201600005;19160.0;19160.0;19160.0;19159.970201600005;19160.0;19159.94823680001;19159.9926784;19159.977523200003;19159.985356800004;19159.955558400008;19159.903795200018;19159.903283200016;19159.858841600024;19159.910604800014;19160.0;19160.0;19160.0;19160.0;19160.0;19159.9926784;19159.962880000006;19159.985356800004;19159.977523200003;19159.955558400008;19159.92524800001;19159.866163200022;19159.895961600017;19159.85832960002;19159.851008000023;19159.985356800004;19159.93308160001;19159.978035200005;19160.0;19159.985356800004;
129.89431561526573;19159.9926784;19160.0;19159.955558400008;19159.93308160001;19159.910604800014;19159.985356800004;19159.917926400012;19159.947724800008;19159.92524800001;19159.918438400015;19159.978035200005;19160.0;19160.0;19159.977523200003;19159.9926784;19159.970201600005;19160.0;19160.0;19160.0;19159.970201600005;19160.0;19159.94823680001;19159.9926784;19159.977523200003;19159.985356800004;19159.955558400008;19159.903795200018;19159.903283200016;19159.858841600024;19159.910604800014;19160.0;19160.0;19160.0;19160.0;19160.0;19159.9926784;19159.962880000006;19159.985356800004;19159.977523200003;19159.955558400008;19159.92524800001;19159.866163200022;19159.895961600017;19159.85832960002;19159.851008000023;19159.985356800004;19159.93308160001;19159.978035200005;19160.0;19159.985356800004;
129.8983151081947;19159.9926784;19160.0;19159.955558400008;19159.93308160001;19159.910604800014;19159.985356800004;19159.917926400012;19159.947724800008;19159.92524800001;19159.918438400015;19159.978035200005;19160.0;19160.0;19159.977523200003;19159.9926784;19159.970201600005;19160.0;19160.0;19160.0;19159.970201600005;19160.0;19159.94823680001;19159.9926784;19159.977523200003;19159.985356800004;19159.955558400008;19159.903795200018;19159.903283200016;19159.858841600024;19159.910604800014;19160.0;19160.0;19160.0;19160.0;19160.0;19159.9926784;19159.962880000006;19159.985356800004;19159.977523200003;19159.955558400008;19159.92524800001;19159.866163200022;19159.895961600017;19159.85832960002;19159.851008000023;19159.985356800004;19159.93308160001;19159.978035200005;19160.0;19159.985356800004;
132.36756707519822;19159.9926784;19160.0;19159.955558400008;19159.93308160001;19159.910604800014;19159.985356800004;19159.917926400012;19159.947724800008;19159.92524800001;19159.918438400015;19159.978035200005;19160.0;19160.0;19159.977523200003;19159.9926784;19159.970201600005;19160.0;19160.0;19160.0;19159.970201600005;19160.0;19159.94823680001;19159.9926784;19159.977523200003;19159.985356800004;19159.955558400008;19159.903795200018;19159.903283200016;19159.858841600024;19159.910604800014;19160.0;19160.0;19160.0;19160.0;19160.0;19159.9926784;19159.962880000006;19159.985356800004;19159.977523200003;19159.955558400008;19159.92524800001;19159.866163200022;19159.895961600017;19159.85832960002;19159.851008000023;19159.985356800004;19159.93308160001;19159.978035200005;19160.0;19159.985356800004;
132.54856599141613;19159.9926784;19160.0;19159.955558400008;19159.93308160001;19159.910604800014;19159.985356800004;19159.917926400012;19159.947724800008;19159.92524800001;19159.918438400015;19159.978035200005;19160.0;19160.0;19159.977523200003;19159.9926784;19159.970201600005;19160.0;19160.0;19160.0;19159.970201600005;19160.0;19159.94823680001;19159.9926784;19159.977523200003;19159.985356800004;19159.955558400008;19159.903795200018;19159.903283200016;19159.858841600024;19159.910604800014;19160.0;19160.0;19160.0;19160.0;19160.0;19159.9926784;19159.962880000006;19159.985356800004;19159.977523200003;19159.955558400008;19159.92524800001;19159.866163200022;19159.895961600017;19159.85832960002;19159.851008000023;19159.985356800004;19159.93308160001;19159.978035200005;19160.0;19159.985356800004;
132.55156573960133;19159.9926784;19160.0;19159.955558400008;19159.93308160001;19159.910604800014;19159.985356800004;19159.917926400012;19159.947724800008;19159.92524800001;19159.918438400015;19159.978035200005;19160.0;19160.0;19159.977523200003;19159.9926784;19159.970201600005;19160.0;19160.0;19160.0;19159.970201600005;19160.0;19159.94823680001;19159.9926784;19159.977523200003;19159.985356800004;19159.955558400008;19159.903795200018;19159.903283200016;19159.858841600024;19159.910604800014;19160.0;19160.0;19160.0;19160.0;19160.0;19159.9926784;19159.962880000006;19159.985356800004;19159.977523200003;19159.955558400008;19159.92524800001;19159.866163200022;19159.895961600017;19159.85832960002;19159.851008000023;19159.985356800004;19159.93308160001;19159.978035200005;19160.0;19159.985356800004;
133.71668921281622;19159.9926784;19160.0;19159.955558400008;19159.93308160001;19159.910604800014;19159.985356800004;19159.917926400012;19159.947724800008;19159.92524800001;19159.918438400015;19159.978035200005;19160.0;19160.0;19159.977523200003;19159.9926784;19159.970201600005;19160.0;19160.0;19160.0;19159.970201600005;19160.0;19159.94823680001;19159.9926784;19159.977523200003;19159.985356800004;19159.955558400008;19159.903795200018;19159.903283200016;19159.858841600024;19159.910604800014;19160.0;19160.0;19160.0;19160.0;19160.0;19159.9926784;19159.962880000006;19159.985356800004;19159.977523200003;19159.955558400008;19159.92524800001;19159.866163200022;19159.895961600017;19159.85832960002;19159.851008000023;19159.985356800004;19159.93308160001;19159.978035200005;19160.0;19159.985356800004;
133.71669185896633;19159.9926784;19160.0;19159.955558400008;19159.93308160001;19159.910604800014;19159.985356800004;19159.917926400012;19159.947724800008;19159.92524800001;19159.918438400015;19159.978035200005;19160.0;19160.0;19159.977523200003;19159.9926784;19159.970201600005;19160.0;19160.0;19160.0;19159.970201600005;19160.0;19159.94823680001;19159.9926784;19159.977523200003;19159.985356800004;19159.955558400008;19159.903795200018;19159.903283200016;19159.858841600024;19159.910604800014;19160.0;19160.0;19160.0;19160.0;19160.0;19159.9926784;19159.962880000006;19159.985356800004;19159.977523200003;19159.955558400008;19159.92524800001;19159.866163200022;19159.895961600017;19159.85832960002;19159.851008000023;19159.985356800004;19159.93308160001;19159.978035200005;19160.0;19159.985356800004;
133.71968896100142;19159.9926784;19160.0;19159.955558400008;19159.93308160001;19159.910604800014;19159.985356800004;19159.917926400012;19159.947724800008;19159.92524800001;19159.918438400015;19159.978035200005;19160.0;19160.0;19159.977523200003;19159.9926784;19159.970201600005;19160.0;19160.0;19160.0;19159.970201600005;19160.0;19159.94823680001;19159.9926784;19159.977523200003;19159.985356800004;19159.955558400008;19159.903795200018;19159.903283200016;19159.858841600024;19159.910604800014;19160.0;19160.0;19160.0;19160.0;19160.0;19159.9926784;19159.962880000006;19159.985356800004;19159.977523200003;19159.955558400008;19159.92524800001;19159.866163200022;19159.895961600017;19159.85832960002;19159.851008000023;19159.985356800004;19159.93308160001;19159.978035200005;19160.0;19159.985356800004;
136.1409361752584;19159.9926784;19160.0;19159.955558400008;19159.93308160001;19159.910604800014;19159.985356800004;19159.917926400012;19159.947724800008;19159.92524800001;19159.918438400015;19159.978035200005;19160.0;19160.0;19159.977523200003;19159.9926784;19159.970201600005;19160.0;19160.0;19160.0;19159.970201600005;19160.0;19159.94823680001;19159.9926784;19159.977523200003;19159.985356800004;19159.955558400008;19159.903795200018;19159.903283200016;19159.858841600024;19159.910604800014;19160.0;19160.0;19160.0;19160.0;19160.0;19159.9926784;19159.962880000006;19159.985356800004;19159.977523200003;19159.955558400008;19159.92524800001;19159.866163200022;19159.895961600017;19159.85832960002;19159.851008000023;19159.985356800004;19159.93308160001;19159.978035200005;19160.0;19159.985356800004;
136.17793462370958;19159.9926784;19160.0;19159.955558400008;19159.93308160001;19159.910604800014;19159.985356800004;19159.917926400012;19159.947724800008;19159.92524800001;19159.918438400015;19159.978035200005;19160.0;19160.0;19159.977523200003;19159.9926784;19159.970201600005;19160.0;19160.0;19160.0;19159.970201600005;19160.0;19159.94823680001;19159.9926784;19159.977523200003;19159.985356800004;19159.955558400008;19159.903795200018;19159.903283200016;19159.858841600024;19159.910604800014;19160.0;19160.0;19160.0;19160.0;19160.0;19159.9926784;19159.962880000006;19159.985356800004;19159.977523200003;19159.955558400008;19159.92524800001;19159.866163200022;19159.895961600017;19159.85832960002;19159.851008000023;19159.985356800004;19159.93308160001;19159.978035200005;19160.0;19159.985356800004;
137.3090593966585;19159.9926784;19160.0;19159.955558400008;19159.93308160001;19159.910604800014;19159.985356800004;19159.917926400012;19159.947724800008;19159.92524800001;19159.918438400015;19159.978035200005;19160.0;19160.0;19159.977523200003;19159.9926784;19159.970201600005;19160.0;19160.0;19160.0;19159.970201600005;19160.0;19159.94823680001;19159.9926784;19159.977523200003;19159.985356800004;19159.955558400008;19159.903795200018;19159.903283200016;19159.858841600024;19159.910604800014;19160.0;19160.0;19160.0;19160.0;19160.0;19159.9926784;19159.962880000006;19159.985356800004;19159.977523200003;19159.955558400008;19159.92524800001;19159.866163200022;19159.895961600017;19159.85832960002;19159.851008000023;19159.985356800004;19159.93308160001;19159.978035200005;19160.0;19159.985356800004;
137.31205898011333;19159.9926784;19160.0;19159.955558400008;19159.93308160001;19159.910604800014;19159.985356800004;19159.917926400012;19159.947724800008;19159.92524800001;19159.918438400015;19159.978035200005;19160.0;19160.0;19159.977523200003;19159.9926784;19159.970201600005;19160.0;19160.0;19160.0;19159.970201600005;19160.0;19159.94823680001;19159.9926784;19159.977523200003;19159.985356800004;19159.955558400008;19159.903795200018;19159.903283200016;19159.858841600024;19159.910604800014;19160.0;19160.0;19160.0;19160.0;19160.0;19159.9926784;19159.962880000006;19159.985356800004;19159.977523200003;19159.955558400008;19159.92524800001;19159.866163200022;19159.895961600017;19159.85832960002;19159.851008000023;19159.985356800004;19159.93308160001;19159.978035200005;19160.0;19159.985356800004;
137.3460578451097;19159.9926784;19160.0;19159.955558400008;19159.93308160001;19159.910604800014;19159.985356800004;19159.917926400012;19159.947724800008;19159.92524800001;19159.918438400015;19159.978035200005;19160.0;19160.0;19159.977523200003;19159.9926784;19159.970201600005;19160.0;19160.0;19160.0;19159.970201600005;19160.0;19159.94823680001;19159.9926784;19159.977523200003;19159.985356800004;19159.955558400008;19159.903795200018;19159.903283200016;19159.858841600024;19159.910604800014;19160.0;19160.0;19160.0;19160.0;19160.0;19159.9926784;19159.962880000006;19159.985356800004;19159.977523200003;19159.955558400008;19159.92524800001;19159.866163200022;19159.895961600017;19159.85832960002;19159.851008000023;19159.985356800004;19159.93308160001;19159.978035200005;19160.0;19159.985356800004;
137.4670595152983;19159.9926784;19160.0;19159.955558400008;19159.93308160001;19159.910604800014;19159.985356800004;19159.917926400012;19159.947724800008;19159.92524800001;19159.918438400015;19159.978035200005;19160.0;19160.0;19159.977523200003;19159.9926784;19159.970201600005;19160.0;19160.0;19160.0;19159.970201600005;19160.0;19159.94823680001;19159.9926784;19159.977523200003;19159.985356800004;19159.955558400008;19159.903795200018;19159.903283200016;19159.858841600024;19159.910604800014;19160.0;19160.0;19160.0;19160.0;19160.0;19159.9926784;19159.962880000006;19159.985356800004;19159.977523200003;19159.955558400008;19159.92524800001;19159.866163200022;19159.895961600017;19159.85832960002;19159.851008000023;19159.985356800004;19159.93308160001;19159.978035200005;19160.0;19159.985356800004;
137.4670595152983;19159.9926784;19160.0;19159.955558400008;19159.93308160001;19159.910604800014;19159.985356800004;19159.917926400012;19159.947724800008;19159.92524800001;19159.903283200016;19159.978035200005;19160.0;19160.0;19159.977523200003;19159.9926784;19159.970201600005;19160.0;19160.0;19160.0;19159.970201600005;19160.0;19159.94823680001;19159.9926784;19159.977523200003;19159.985356800004;19159.955558400008;19159.903795200018;19159.903283200016;19159.858841600024;19159.910604800014;19160.0;19160.0;19160.0;19160.0;19160.0;19159.9926784;19159.962880000006;19159.985356800004;19159.977523200003;19159.955558400008;19159.92524800001;19159.866163200022;19159.895961600017;19159.85832960002;19159.851008000023;19159.985356800004;19159.93308160001;19159.978035200005;19160.0;19159.985356800004;
137.7670595152983;19159.9926784;19160.0;19159.955558400008;19159.93308160001;19159.910604800014;19159.985356800004;19159.917926400012;19159.947724800008;19159.92524800001;19159.903283200016;19159.978035200005;19160.0;19160.0;19159.977523200003;19159.9926784;19159.970201600005;19160.0;19160.0;19160.0;19159.970201600005;19160.0;19159.94823680001;19159.9926784;19159.977523200003;19159.985356800004;19159.955558400008;19159.903795200018;19159.903283200016;19159.858841600024;19159.910604800014;19160.0;19160.0;19160.0;19160.0;19160.0;19159.9926784;19159.962880000006;19159.985356800004;19159.977523200003;19159.955558400008;19159.92524800001;19159.866163200022;19159.895961600017;19159.85832960002;19159.851008000023;19159.985356800004;19159.93308160001;19159.978035200005;19160.0;19159.985356800004;
138.63518273669843;19159.9926784;19160.0;19159.955558400008;19159.925760000013;19159.910604800014;19159.985356800004;19159.917926400012;19159.94040320001;19159.92524800001;19159.903283200016;19159.978035200005;19160.0;19160.0;19159.977523200003;19159.9926784;19159.970201600005;19160.0;19160.0;19160.0;19159.970201600005;19160.0;19159.94823680001;19159.9926784;19159.977523200003;19159.985356800004;19159.955558400008;19159.903795200018;19159.903283200016;19159.858841600024;19159.903283200016;19160.0;19160.0;19160.0;19160.0;19160.0;19159.9926784;19159.962880000006;19159.985356800004;19159.977523200003;19159.955558400008;19159.92524800001;19159.866163200022;19159.895961600017;19159.85832960002;19159.851008000023;19159.985356800004;19159.93308160001;19159.978035200005;19160.0;19159.985356800004;
138.66518146807113;19159.9926784;19160.0;19159.955558400008;19159.925760000013;19159.910604800014;19159.985356800004;19159.917926400012;19159.94040320001;19159.92524800001;19159.903283200016;19159.978035200005;19160.0;19160.0;19159.977523200003;19159.9926784;19159.970201600005;19160.0;19160.0;19160.0;19159.970201600005;19160.0;19159.94823680001;19159.9926784;19159.977523200003;19159.985356800004;19159.955558400008;19159.903795200018;19159.903283200016;19159.858841600024;19159.903283200016;19160.0;19160.0;19160.0;19160.0;19160.0;19159.9926784;19159.962880000006;19159.985356800004;19159.977523200003;19159.955558400008;19159.92524800001;19159.866163200022;19159.895961600017;19159.85832960002;19159.851008000023;19159.985356800004;19159.93308160001;19159.978035200005;19160.0;19159.985356800004;
138.66518146807113;19159.9926784;19160.0;19159.955558400008;19159.925760000013;19159.910604800014;19159.985356800004;19159.917926400012;19159.92524800001;19159.92524800001;19159.903283200016;19159.978035200005;19160.0;19160.0;19159.977523200003;19159.9926784;19159.970201600005;19160.0;19160.0;19160.0;19159.970201600005;19160.0;19159.94823680001;19159.9926784;19159.977523200003;19159.985356800004;19159.955558400008;19159.903795200018;19159.903283200016;19159.858841600024;19159.903283200016;19160.0;19160.0;19160.0;19160.0;19160.0;19159.9926784;19159.962880000006;19159.985356800004;19159.977523200003;19159.955558400008;19159.92524800001;19159.866163200022;19159.895961600017;19159.85832960002;19159.851008000023;19159.985356800004;19159.93308160001;19159.978035200005;19160.0;19159.985356800004;
138.67018126617913;19159.9926784;19160.0;19159.955558400008;19159.925760000013;19159.910604800014;19159.985356800004;19159.917926400012;19159.92524800001;19159.92524800001;19159.903283200016;19159.978035200005;19160.0;19160.0;19159.977523200003;19159.9926784;19159.970201600005;19160.0;19160.0;19160.0;19159.970201600005;19160.0;19159.94823680001;19159.9926784;19159.977523200003;19159.985356800004;19159.955558400008;19159.903795200018;19159.903283200016;19159.858841600024;19159.903283200016;19160.0;19160.0;19160.0;19160.0;19160.0;19159.9926784;19159.962880000006;19159.985356800004;19159.977523200003;19159.955558400008;19159.92524800001;19159.866163200022;19159.895961600017;19159.85832960002;19159.851008000023;19159.985356800004;19159.93308160001;19159.978035200005;19160.0;19159.985356800004;
138.67018126617913;19159.9926784;19160.0;19159.955558400008;19159.925760000013;19159.910604800014;19159.985356800004;19159.917926400012;19159.92524800001;19159.92524800001;19159.903283200016;19159.978035200005;19160.0;19160.0;19159.977523200003;19159.9926784;19159.970201600005;19160.0;19160.0;19160.0;19159.970201600005;19160.0;19159.94823680001;19159.9926784;19159.977523200003;19159.985356800004;19159.955558400008;19159.903795200018;19159.903283200016;19159.858841600024;19159.888128000017;19160.0;19160.0;19160.0;19160.0;19160.0;19159.9926784;19159.962880000006;19159.985356800004;19159.977523200003;19159.955558400008;19159.92524800001;19159.866163200022;19159.895961600017;19159.85832960002;19159.851008000023;19159.985356800004;19159.93308160001;19159.978035200005;19160.0;19159.985356800004;
138.68417965071856;19159.9926784;19160.0;19159.955558400008;19159.925760000013;19159.910604800014;19159.985356800004;19159.917926400012;19159.92524800001;19159.92524800001;19159.903283200016;19159.978035200005;19160.0;19160.0;19159.977523200003;19159.9926784;19159.970201600005;19160.0;19160.0;19160.0;19159.970201600005;19160.0;19159.94823680001;19159.9926784;19159.977523200003;19159.985356800004;19159.955558400008;19159.903795200018;19159.903283200016;19159.858841600024;19159.888128000017;19160.0;19160.0;19160.0;19160.0;19160.0;19159.9926784;19159.962880000006;19159.985356800004;19159.977523200003;19159.955558400008;19159.92524800001;19159.866163200022;19159.895961600017;19159.85832960002;19159.851008000023;19159.985356800004;19159.93308160001;19159.978035200005;19160.0;19159.985356800004;
138.68417965071856;19159.9926784;19160.0;19159.955558400008;19159.910604800014;19159.910604800014;19159.985356800004;19159.917926400012;19159.92524800001;19159.92524800001;19159.903283200016;19159.978035200005;19160.0;19160.0;19159.977523200003;19159.9926784;19159.970201600005;19160.0;19160.0;19160.0;19159.970201600005;19160.0;19159.94823680001;19159.9926784;19159.977523200003;19159.985356800004;19159.955558400008;19159.903795200018;19159.903283200016;19159.858841600024;19159.888128000017;19160.0;19160.0;19160.0;19160.0;19160.0;19159.9926784;19159.962880000006;19159.985356800004;19159.977523200003;19159.955558400008;19159.92524800001;19159.866163200022;19159.895961600017;19159.85832960002;19159.851008000023;19159.985356800004;19159.93308160001;19159.978035200005;19160.0;19159.985356800004;
138.76705951529829;19159.9926784;19160.0;19159.955558400008;19159.910604800014;19159.910604800014;19159.985356800004;19159.917926400012;19159.92524800001;19159.92524800001;19159.903283200016;19159.978035200005;19160.0;19160.0;19159.977523200003;19159.9926784;19159.970201600005;19160.0;19160.0;19160.0;19159.970201600005;19160.0;19159.94823680001;19159.9926784;19159.977523200003;19159.985356800004;19159.955558400008;19159.903795200018;19159.903283200016;19159.858841600024;19159.888128000017;19160.0;19160.0;19160.0;19160.0;19160.0;19159.9926784;19159.962880000006;19159.985356800004;19159.977523200003;19159.955558400008;19159.92524800001;19159.866163200022;19159.895961600017;19159.85832960002;19159.851008000023;19159.985356800004;19159.93308160001;19159.978035200005;19160.0;19159.985356800004;
139.83330468947122;19159.9926784;19160.0;19159.955558400008;19159.910604800014;19159.910604800014;19159.978035200005;19159.917926400012;19159.92524800001;19159.92524800001;19159.895961600017;19159.978035200005;19160.0;19160.0;19159.977523200003;19159.9926784;19159.970201600005;19160.0;19160.0;19160.0;19159.970201600005;19160.0;19159.94091520001;19159.9926784;19159.977523200003;19159.985356800004;19159.955558400008;19159.903795200018;19159.903283200016;19159.858841600024;19159.888128000017;19160.0;19160.0;19160.0;19160.0;19160.0;19159.9926784;19159.962880000006;19159.985356800004;19159.977523200003;19159.955558400008;19159.92524800001;19159.866163200022;19159.895961600017;19159.85832960002;19159.851008000023;19159.985356800004;19159.93308160001;19159.978035200005;19160.0;19159.985356800004;
139.83830448757922;19159.9926784;19160.0;19159.955558400008;19159.910604800014;19159.910604800014;19159.978035200005;19159.917926400012;19159.92524800001;19159.92524800001;19159.88864000002;19159.978035200005;19160.0;19160.0;19159.977523200003;19159.9926784;19159.970201600005;19160.0;19160.0;19160.0;19159.970201600005;19160.0;19159.94091520001;19159.9926784;19159.977523200003;19159.985356800004;19159.955558400008;19159.903795200018;19159.903283200016;19159.851520000026;19159.888128000017;19160.0;19160.0;19160.0;19160.0;19160.0;19159.9926784;19159.962880000006;19159.985356800004;19159.977523200003;19159.955558400008;19159.92524800001;19159.866163200022;19159.895961600017;19159.85832960002;19159.851008000023;19159.985356800004;19159.93308160001;19159.970713600007;19160.0;19159.985356800004;
139.85230287211866;19159.9926784;19160.0;19159.955558400008;19159.910604800014;19159.910604800014;19159.978035200005;19159.910604800014;19159.92524800001;19159.92524800001;19159.88131840002;19159.978035200005;19160.0;19160.0;19159.977523200003;19159.9926784;19159.970201600005;19160.0;19160.0;19160.0;19159.970201600005;19160.0;19159.94091520001;19159.9926784;19159.977523200003;19159.985356800004;19159.955558400008;19159.903795200018;19159.903283200016;19159.851520000026;19159.888128000017;19160.0;19160.0;19160.0;19160.0;19160.0;19159.9926784;19159.962880000006;19159.985356800004;19159.977523200003;19159.955558400008;19159.92524800001;19159.866163200022;19159.895961600017;19159.85832960002;19159.851008000023;19159.985356800004;19159.93308160001;19159.970713600007;19160.0;19159.978035200005;
150.00333333333327;19159.9926784;19160.0;19159.955558400008;19159.910604800014;19159.910604800014;19159.978035200005;19159.910604800014;19159.92524800001;19159.92524800001;19159.88131840002;19159.978035200005;19160.0;19160.0;19159.977523200003;19159.9926784;19159.970201600005;19160.0;19160.0;19160.0;19159.970201600005;19160.0;19159.94091520001;19159.9926784;19159.977523200003;19159.985356800004;19159.955558400008;19159.903795200018;19159.903283200016;19159.851520000026;19159.888128000017;19160.0;19160.0;19160.0;19160.0;19160.0;19159.9926784;19159.962880000006;19159.985356800004;19159.977523200003;19159.955558400008;19159.92524800001;19159.866163200022;19159.895961600017;19159.85832960002;19159.851008000023;19159.985356800004;19159.93308160001;19159.970713600007;19160.0;19159.978035200005;
151.33345837564522;19159.9926784;19160.0;19159.955558400008;19159.910604800014;19159.910604800014;19159.978035200005;19159.910604800014;19159.92524800001;19159.92524800001;19159.88131840002;19159.978035200005;19160.0;19160.0;19159.977523200003;19159.9926784;19159.970201600005;19160.0;19160.0;19160.0;19159.970201600005;19160.0;19159.94091520001;19159.9926784;19159.977523200003;19159.985356800004;19159.955558400008;19159.903795200018;19159.903283200016;19159.851520000026;19159.888128000017;19160.0;19160.0;19160.0;19160.0;19160.0;19159.9926784;19159.962880000006;19159.985356800004;19159.977523200003;19159.955558400008;19159.92524800001;19159.866163200022;19159.895961600017;19159.85832960002;19159.851008000023;19159.985356800004;19159.93308160001;19159.970713600007;19160.0;19159.978035200005;
151.33645918845002;19159.9926784;19160.0;19159.955558400008;19159.910604800014;19159.910604800014;19159.978035200005;19159.910604800014;19159.92524800001;19159.92524800001;19159.88131840002;19159.978035200005;19160.0;19160.0;19159.977523200003;19159.9926784;19159.970201600005;19160.0;19160.0;19160.0;19159.970201600005;19160.0;19159.94091520001;19159.9926784;19159.977523200003;19159.985356800004;19159.955558400008;19159.903795200018;19159.903283200016;19159.851520000026;19159.888128000017;19160.0;19160.0;19160.0;19160.0;19160.0;19159.9926784;19159.962880000006;19159.985356800004;19159.977523200003;19159.955558400008;19159.92524800001;19159.866163200022;19159.895961600017;19159.85832960002;19159.851008000023;19159.985356800004;19159.93308160001;19159.970713600007;19160.0;19159.978035200005;
151.34345436675318;19159.9926784;19160.0;19159.955558400008;19159.910604800014;19159.910604800014;19159.978035200005;19159.910604800014;19159.92524800001;19159.92524800001;19159.88131840002;19159.978035200005;19160.0;19160.0;19159.977523200003;19159.9926784;19159.970201600005;19160.0;19160.0;19160.0;19159.970201600005;19160.0;19159.94091520001;19159.9926784;19159.977523200003;19159.985356800004;19159.955558400008;19159.903795200018;19159.903283200016;19159.851520000026;19159.888128000017;19160.0;19160.0;19160.0;19160.0;19160.0;19159.9926784;19159.962880000006;19159.985356800004;19159.977523200003;19159.955558400008;19159.92524800001;19159.866163200022;19159.895961600017;19159.85832960002;19159.851008000023;19159.985356800004;19159.93308160001;19159.970713600007;19160.0;19159.978035200005;
151.3594610611575;19159.9926784;19160.0;19159.955558400008;19159.910604800014;19159.910604800014;19159.978035200005;19159.910604800014;19159.92524800001;19159.92524800001;19159.88131840002;19159.978035200005;19160.0;19160.0;19159.977523200003;19159.9926784;19159.970201600005;19160.0;19160.0;19160.0;19159.970201600005;19160.0;19159.94091520001;19159.9926784;19159.977523200003;19159.985356800004;19159.955558400008;19159.903795200018;19159.903283200016;19159.851520000026;19159.888128000017;19160.0;19160.0;19160.0;19160.0;19160.0;19159.9926784;19159.962880000006;19159.985356800004;19159.977523200003;19159.955558400008;19159.92524800001;19159.866163200022;19159.895961600017;19159.85832960002;19159.851008000023;19159.985356800004;19159.93308160001;19159.970713600007;19160.0;19159.978035200005;
152.50158159704534;19159.9926784;19160.0;19159.955558400008;19159.910604800014;19159.910604800014;19159.978035200005;19159.910604800014;19159.92524800001;19159.92524800001;19159.88131840002;19159.978035200005;19160.0;19160.0;19159.977523200003;19159.9926784;19159.970201600005;19160.0;19160.0;19160.0;19159.970201600005;19160.0;19159.94091520001;19159.9926784;19159.977523200003;19159.985356800004;19159.955558400008;19159.903795200018;19159.903283200016;19159.851520000026;19159.888128000017;19160.0;19160.0;19160.0;19160.0;19160.0;19159.9926784;19159.962880000006;19159.985356800004;19159.977523200003;19159.955558400008;19159.92524800001;19159.866163200022;19159.895961600017;19159.85832960002;19159.851008000023;19159.985356800004;19159.93308160001;19159.970713600007;19160.0;19159.978035200005;
152.50458240985012;19159.9926784;19160.0;19159.955558400008;19159.910604800014;19159.910604800014;19159.978035200005;19159.910604800014;19159.92524800001;19159.92524800001;19159.88131840002;19159.978035200005;19160.0;19160.0;19159.977523200003;19159.9926784;19159.970201600005;19160.0;19160.0;19160.0;19159.970201600005;19160.0;19159.94091520001;19159.9926784;19159.977523200003;19159.985356800004;19159.955558400008;19159.903795200018;19159.903283200016;19159.851520000026;19159.888128000017;19160.0;19160.0;19160.0;19160.0;19160.0;19159.9926784;19159.962880000006;19159.985356800004;19159.977523200003;19159.955558400008;19159.92524800001;19159.866163200022;19159.895961600017;19159.85832960002;19159.851008000023;19159.985356800004;19159.93308160001;19159.970713600007;19160.0;19159.978035200005;
152.51157758815327;19159.9926784;19160.0;19159.955558400008;19159.910604800014;19159.910604800014;19159.978035200005;19159.910604800014;19159.92524800001;19159.92524800001;19159.88131840002;19159.978035200005;19160.0;19160.0;19159.977523200003;19159.9926784;19159.970201600005;19160.0;19160.0;19160.0;19159.970201600005;19160.0;19159.94091520001;19159.9926784;19159.977523200003;19159.985356800004;19159.955558400008;19159.903795200018;19159.903283200016;19159.851520000026;19159.888128000017;19160.0;19160.0;19160.0;19160.0;19160.0;19159.9926784;19159.962880000006;19159.985356800004;19159.977523200003;19159.955558400008;19159.92524800001;19159.866163200022;19159.895961600017;19159.85832960002;19159.851008000023;19159.985356800004;19159.93308160001;19159.970713600007;19160.0;19159.978035200005;
152.5185767626354;19159.9926784;19160.0;19159.955558400008;19159.910604800014;19159.910604800014;19159.978035200005;19159.910604800014;19159.92524800001;19159.92524800001;19159.88131840002;19159.978035200005;19160.0;19160.0;19159.977523200003;19159.9926784;19159.970201600005;19160.0;19160.0;19160.0;19159.970201600005;19160.0;19159.94091520001;19159.9926784;19159.977523200003;19159.985356800004;19159.955558400008;19159.903795200018;19159.903283200016;19159.851520000026;19159.888128000017;19160.0;19160.0;19160.0;19160.0;19160.0;19159.9926784;19159.962880000006;19159.985356800004;19159.977523200003;19159.955558400008;19159.92524800001;19159.866163200022;19159.895961600017;19159.85832960002;19159.851008000023;19159.985356800004;19159.93308160001;19159.970713600007;19160.0;19159.978035200005;
152.5275842825576;19159.9926784;19160.0;19159.955558400008;19159.910604800014;19159.910604800014;19159.978035200005;19159.910604800014;19159.92524800001;19159.92524800001;19159.88131840002;19159.978035200005;19160.0;19160.0;19159.977523200003;19159.9926784;19159.970201600005;19160.0;19160.0;19160.0;19159.970201600005;19160.0;19159.94091520001;19159.9926784;19159.977523200003;19159.985356800004;19159.955558400008;19159.903795200018;19159.903283200016;19159.851520000026;19159.888128000017;19160.0;19160.0;19160.0;19160.0;19160.0;19159.9926784;19159.962880000006;19159.985356800004;19159.977523200003;19159.955558400008;19159.92524800001;19159.866163200022;19159.895961600017;19159.85832960002;19159.851008000023;19159.985356800004;19159.93308160001;19159.970713600007;19160.0;19159.978035200005;
153.92469478889697;19159.9926784;19160.0;19159.955558400008;19159.910604800014;19159.910604800014;19159.978035200005;19159.910604800014;19159.92524800001;19159.92524800001;19159.88131840002;19159.978035200005;19160.0;19160.0;19159.977523200003;19159.9926784;19159.970201600005;19160.0;19160.0;19160.0;19159.970201600005;19160.0;19159.94091520001;19159.9926784;19159.977523200003;19159.985356800004;19159.955558400008;19159.903795200018;19159.903283200016;19159.851520000026;19159.888128000017;19160.0;19160.0;19160.0;19160.0;19160.0;19159.9926784;19159.962880000006;19159.985356800004;19159.977523200003;19159.955558400008;19159.92524800001;19159.866163200022;19159.895961600017;19159.85832960002;19159.851008000023;19159.985356800004;19159.93308160001;19159.970713600007;19160.0;19159.978035200005;
155.1817169741444;19159.9926784;19160.0;19159.955558400008;19159.910604800014;19159.910604800014;19159.978035200005;19159.910604800014;19159.92524800001;19159.92524800001;19159.88131840002;19159.978035200005;19160.0;19160.0;19159.977523200003;19159.9926784;19159.970201600005;19160.0;19160.0;19160.0;19159.970201600005;19160.0;19159.94091520001;19159.9926784;19159.977523200003;19159.985356800004;19159.955558400008;19159.903795200018;19159.903283200016;19159.851520000026;19159.888128000017;19160.0;19160.0;19160.0;19160.0;19160.0;19159.9926784;19159.962880000006;19159.985356800004;19159.977523200003;19159.955558400008;19159.92524800001;19159.866163200022;19159.895961600017;19159.85832960002;19159.851008000023;19159.985356800004;19159.93308160001;19159.970713600007;19160.0;19159.978035200005;
156.31784004908428;19159.9926784;19160.0;19159.955558400008;19159.910604800014;19159.910604800014;19159.978035200005;19159.910604800014;19159.92524800001;19159.92524800001;19159.88131840002;19159.978035200005;19160.0;19160.0;19159.977523200003;19159.9926784;19159.970201600005;19160.0;19160.0;19160.0;19159.970201600005;19160.0;19159.94091520001;19159.9926784;19159.977523200003;19159.985356800004;19159.955558400008;19159.903795200018;19159.903283200016;19159.851520000026;19159.888128000017;19160.0;19160.0;19160.0;19160.0;19160.0;19159.9926784;19159.962880000006;19159.985356800004;19159.977523200003;19159.955558400008;19159.92524800001;19159.866163200022;19159.895961600017;19159.85832960002;19159.851008000023;19159.985356800004;19159.93308160001;19159.970713600007;19160.0;19159.978035200005;
156.3498401955445;19159.9926784;19160.0;19159.955558400008;19159.910604800014;19159.910604800014;19159.978035200005;19159.910604800014;19159.92524800001;19159.92524800001;19159.88131840002;19159.978035200005;19160.0;19160.0;19159.977523200003;19159.9926784;19159.970201600005;19160.0;19160.0;19160.0;19159.970201600005;19160.0;19159.94091520001;19159.9926784;19159.977523200003;19159.985356800004;19159.955558400008;19159.903795200018;19159.903283200016;19159.851520000026;19159.888128000017;19160.0;19160.0;19160.0;19160.0;19160.0;19159.9926784;19159.962880000006;19159.985356800004;19159.977523200003;19159.955558400008;19159.92524800001;19159.866163200022;19159.895961600017;19159.85832960002;19159.851008000023;19159.985356800004;19159.93308160001;19159.970713600007;19160.0;19159.978035200005;
156.44083852094158;19159.9926784;19160.0;19159.955558400008;19159.910604800014;19159.910604800014;19159.978035200005;19159.910604800014;19159.92524800001;19159.92524800001;19159.88131840002;19159.978035200005;19160.0;19160.0;19159.977523200003;19159.9926784;19159.970201600005;19160.0;19160.0;19160.0;19159.970201600005;19160.0;19159.94091520001;19159.9926784;19159.977523200003;19159.985356800004;19159.955558400008;19159.903795200018;19159.903283200016;19159.851520000026;19159.888128000017;19160.0;19160.0;19160.0;19160.0;19160.0;19159.9926784;19159.962880000006;19159.985356800004;19159.977523200003;19159.955558400008;19159.92524800001;19159.866163200022;19159.895961600017;19159.85832960002;19159.851008000023;19159.985356800004;19159.93308160001;19159.970713600007;19160.0;19159.978035200005;
156.44083852094158;19159.9926784;19160.0;19159.94040320001;19159.910604800014;19159.910604800014;19159.978035200005;19159.910604800014;19159.92524800001;19159.92524800001;19159.88131840002;19159.978035200005;19160.0;19160.0;19159.977523200003;19159.9926784;19159.970201600005;19160.0;19160.0;19160.0;19159.970201600005;19160.0;19159.94091520001;19159.9926784;19159.977523200003;19159.985356800004;19159.955558400008;19159.903795200018;19159.903283200016;19159.851520000026;19159.888128000017;19160.0;19160.0;19160.0;19160.0;19160.0;19159.9926784;19159.962880000006;19159.985356800004;19159.977523200003;19159.955558400008;19159.92524800001;19159.866163200022;19159.895961600017;19159.85832960002;19159.851008000023;19159.985356800004;19159.93308160001;19159.970713600007;19160.0;19159.978035200005;
156.7408385209416;19159.9926784;19160.0;19159.94040320001;19159.910604800014;19159.910604800014;19159.978035200005;19159.910604800014;19159.92524800001;19159.92524800001;19159.88131840002;19159.978035200005;19160.0;19160.0;19159.977523200003;19159.9926784;19159.970201600005;19160.0;19160.0;19160.0;19159.970201600005;19160.0;19159.94091520001;19159.9926784;19159.977523200003;19159.985356800004;19159.955558400008;19159.903795200018;19159.903283200016;19159.851520000026;19159.888128000017;19160.0;19160.0;19160.0;19160.0;19160.0;19159.9926784;19159.962880000006;19159.985356800004;19159.977523200003;19159.955558400008;19159.92524800001;19159.866163200022;19159.895961600017;19159.85832960002;19159.851008000023;19159.985356800004;19159.93308160001;19159.970713600007;19160.0;19159.978035200005;
157.6089617423417;19159.985356800004;19160.0;19159.94040320001;19159.910604800014;19159.910604800014;19159.978035200005;19159.910604800014;19159.92524800001;19159.917926400012;19159.88131840002;19159.978035200005;19160.0;19160.0;19159.977523200003;19159.9926784;19159.962880000006;19160.0;19160.0;19160.0;19159.970201600005;19160.0;19159.94091520001;19159.9926784;19159.977523200003;19159.985356800004;19159.955558400008;19159.903795200018;19159.903283200016;19159.851520000026;19159.888128000017;19160.0;19160.0;19160.0;19160.0;19160.0;19159.9926784;19159.962880000006;19159.985356800004;19159.977523200003;19159.955558400008;19159.92524800001;19159.866163200022;19159.895961600017;19159.85832960002;19159.851008000023;19159.985356800004;19159.93308160001;19159.970713600007;19160.0;19159.978035200005;
157.61996164331472;19159.985356800004;19160.0;19159.94040320001;19159.910604800014;19159.910604800014;19159.978035200005;19159.910604800014;19159.92524800001;19159.917926400012;19159.88131840002;19159.978035200005;19160.0;19160.0;19159.977523200003;19159.9926784;19159.962880000006;19160.0;19160.0;19160.0;19159.970201600005;19160.0;19159.94091520001;19159.9926784;19159.977523200003;19159.985356800004;19159.955558400008;19159.903795200018;19159.903283200016;19159.851520000026;19159.888128000017;19160.0;19160.0;19160.0;19160.0;19160.0;19159.9926784;19159.962880000006;19159.985356800004;19159.977523200003;19159.955558400008;19159.92524800001;19159.866163200022;19159.895961600017;19159.85832960002;19159.851008000023;19159.985356800004;19159.93308160001;19159.970713600007;19160.0;19159.978035200005;
157.61996164331472;19159.970201600005;19160.0;19159.94040320001;19159.910604800014;19159.910604800014;19159.978035200005;19159.910604800014;19159.92524800001;19159.917926400012;19159.88131840002;19159.978035200005;19160.0;19160.0;19159.977523200003;19159.9926784;19159.962880000006;19160.0;19160.0;19160.0;19159.970201600005;19160.0;19159.94091520001;19159.9926784;19159.977523200003;19159.985356800004;19159.955558400008;19159.903795200018;19159.903283200016;19159.851520000026;19159.888128000017;19160.0;19160.0;19160.0;19160.0;19160.0;19159.9926784;19159.962880000006;19159.985356800004;19159.977523200003;19159.955558400008;19159.92524800001;19159.866163200022;19159.895961600017;19159.85832960002;19159.851008000023;19159.985356800004;19159.93308160001;19159.970713600007;19160.0;19159.978035200005;
157.63396132999023;19159.970201600005;19160.0;19159.94040320001;19159.910604800014;19159.910604800014;19159.978035200005;19159.910604800014;19159.92524800001;19159.917926400012;19159.88131840002;19159.978035200005;19160.0;19160.0;19159.977523200003;19159.9926784;19159.962880000006;19160.0;19160.0;19160.0;19159.970201600005;19160.0;19159.94091520001;19159.9926784;19159.977523200003;19159.985356800004;19159.955558400008;19159.903795200018;19159.903283200016;19159.851520000026;19159.888128000017;19160.0;19160.0;19160.0;19160.0;19160.0;19159.9926784;19159.962880000006;19159.985356800004;19159.977523200003;19159.955558400008;19159.92524800001;19159.866163200022;19159.895961600017;19159.85832960002;19159.851008000023;19159.985356800004;19159.93308160001;19159.970713600007;19160.0;19159.978035200005;
157.63396132999023;19159.970201600005;19160.0;19159.94040320001;19159.910604800014;19159.910604800014;19159.978035200005;19159.910604800014;19159.92524800001;19159.917926400012;19159.88131840002;19159.978035200005;19160.0;19160.0;19159.977523200003;19159.9926784;19159.947724800008;19160.0;19160.0;19160.0;19159.970201600005;19160.0;19159.94091520001;19159.9926784;19159.977523200003;19159.985356800004;19159.955558400008;19159.903795200018;19159.903283200016;19159.851520000026;19159.888128000017;19160.0;19160.0;19160.0;19160.0;19160.0;19159.9926784;19159.962880000006;19159.985356800004;19159.977523200003;19159.955558400008;19159.92524800001;19159.866163200022;19159.895961600017;19159.85832960002;19159.851008000023;19159.985356800004;19159.93308160001;19159.970713600007;19160.0;19159.978035200005;
157.65596239278392;19159.970201600005;19160.0;19159.94040320001;19159.910604800014;19159.910604800014;19159.978035200005;19159.910604800014;19159.92524800001;19159.917926400012;19159.88131840002;19159.978035200005;19160.0;19160.0;19159.977523200003;19159.9926784;19159.947724800008;19160.0;19160.0;19160.0;19159.970201600005;19160.0;19159.94091520001;19159.9926784;19159.977523200003;19159.985356800004;19159.955558400008;19159.903795200018;19159.903283200016;19159.851520000026;19159.888128000017;19160.0;19160.0;19160.0;19160.0;19160.0;19159.9926784;19159.962880000006;19159.985356800004;19159.977523200003;19159.955558400008;19159.92524800001;19159.866163200022;19159.895961600017;19159.85832960002;19159.851008000023;19159.985356800004;19159.93308160001;19159.970713600007;19160.0;19159.978035200005;
157.65596239278392;19159.970201600005;19160.0;19159.94040320001;19159.910604800014;19159.910604800014;19159.978035200005;19159.910604800014;19159.92524800001;19159.902771200013;19159.88131840002;19159.978035200005;19160.0;19160.0;19159.977523200003;19159.9926784;19159.947724800008;19160.0;19160.0;19160.0;19159.970201600005;19160.0;19159.94091520001;19159.9926784;19159.977523200003;19159.985356800004;19159.955558400008;19159.903795200018;19159.903283200016;19159.851520000026;19159.888128000017;19160.0;19160.0;19160.0;19160.0;19160.0;19159.9926784;19159.962880000006;19159.985356800004;19159.977523200003;19159.955558400008;19159.92524800001;19159.866163200022;19159.895961600017;19159.85832960002;19159.851008000023;19159.985356800004;19159.93308160001;19159.970713600007;19160.0;19159.978035200005;
157.7408385209416;19159.970201600005;19160.0;19159.94040320001;19159.910604800014;19159.910604800014;19159.978035200005;19159.910604800014;19159.92524800001;19159.902771200013;19159.88131840002;19159.978035200005;19160.0;19160.0;19159.977523200003;19159.9926784;19159.947724800008;19160.0;19160.0;19160.0;19159.970201600005;19160.0;19159.94091520001;19159.9926784;19159.977523200003;19159.985356800004;19159.955558400008;19159.903795200018;19159.903283200016;19159.851520000026;19159.888128000017;19160.0;19160.0;19160.0;19160.0;19160.0;19159.9926784;19159.962880000006;19159.985356800004;19159.977523200003;19159.955558400008;19159.92524800001;19159.866163200022;19159.895961600017;19159.85832960002;19159.851008000023;19159.985356800004;19159.93308160001;19159.970713600007;19160.0;19159.978035200005;
158.78808486471485;19159.970201600005;19160.0;19159.93308160001;19159.910604800014;19159.910604800014;19159.978035200005;19159.910604800014;19159.92524800001;19159.902771200013;19159.88131840002;19159.970713600007;19159.9926784;19160.0;19159.977523200003;19159.9926784;19159.947724800008;19160.0;19160.0;19160.0;19159.970201600005;19160.0;19159.94091520001;19159.9926784;19159.977523200003;19159.985356800004;19159.955558400008;19159.903795200018;19159.903283200016;19159.851520000026;19159.888128000017;19160.0;19160.0;19160.0;19160.0;19160.0;19159.9926784;19159.962880000006;19159.985356800004;19159.977523200003;19159.955558400008;19159.92524800001;19159.866163200022;19159.895961600017;19159.85832960002;19159.851008000023;19159.985356800004;19159.93308160001;19159.970713600007;19160.0;19159.978035200005;
158.80208455139035;19159.970201600005;19160.0;19159.925760000013;19159.910604800014;19159.910604800014;19159.978035200005;19159.910604800014;19159.92524800001;19159.902771200013;19159.88131840002;19159.970713600007;19159.9926784;19160.0;19159.970201600005;19159.9926784;19159.947724800008;19160.0;19160.0;19160.0;19159.970201600005;19160.0;19159.94091520001;19159.9926784;19159.977523200003;19159.985356800004;19159.955558400008;19159.903795200018;19159.903283200016;19159.851520000026;19159.888128000017;19160.0;19160.0;19160.0;19160.0;19160.0;19159.9926784;19159.962880000006;19159.985356800004;19159.977523200003;19159.955558400008;19159.92524800001;19159.866163200022;19159.895961600017;19159.85832960002;19159.851008000023;19159.985356800004;19159.93308160001;19159.970713600007;19160.0;19159.978035200005;
158.82408561418404;19159.970201600005;19160.0;19159.918438400015;19159.910604800014;19159.903283200016;19159.978035200005;19159.910604800014;19159.92524800001;19159.902771200013;19159.88131840002;19159.970713600007;19159.9926784;19160.0;19159.970201600005;19159.9926784;19159.947724800008;19160.0;19160.0;19160.0;19159.970201600005;19160.0;19159.94091520001;19159.9926784;19159.977523200003;19159.985356800004;19159.955558400008;19159.903795200018;19159.903283200016;19159.851520000026;19159.888128000017;19160.0;19160.0;19160.0;19160.0;19160.0;19159.9926784;19159.962880000006;19159.985356800004;19159.977523200003;19159.955558400008;19159.92524800001;19159.866163200022;19159.895961600017;19159.85832960002;19159.851008000023;19159.985356800004;19159.93308160001;19159.970713600007;19160.0;19159.978035200005;
158.9310881412678;19159.970201600005;19160.0;19159.918438400015;19159.910604800014;19159.903283200016;19159.978035200005;19159.910604800014;19159.92524800001;19159.902771200013;19159.88131840002;19159.970713600007;19159.9926784;19160.0;19159.970201600005;19159.9926784;19159.947724800008;19160.0;19160.0;19160.0;19159.970201600005;19160.0;19159.94091520001;19159.9926784;19159.977523200003;19159.985356800004;19159.955558400008;19159.903795200018;19159.903283200016;19159.851520000026;19159.888128000017;19160.0;19160.0;19160.0;19160.0;19160.0;19159.9926784;19159.962880000006;19159.985356800004;19159.977523200003;19159.955558400008;19159.92524800001;19159.866163200022;19159.895961600017;19159.85832960002;19159.851008000023;19159.985356800004;19159.93308160001;19159.970713600007;19160.0;19159.978035200005;
158.9310881412678;19159.970201600005;19160.0;19159.918438400015;19159.910604800014;19159.903283200016;19159.978035200005;19159.910604800014;19159.92524800001;19159.902771200013;19159.88131840002;19159.970713600007;19159.977523200003;19160.0;19159.970201600005;19159.9926784;19159.947724800008;19160.0;19160.0;19160.0;19159.970201600005;19160.0;19159.94091520001;19159.9926784;19159.977523200003;19159.985356800004;19159.955558400008;19159.903795200018;19159.903283200016;19159.851520000026;19159.888128000017;19160.0;19160.0;19160.0;19160.0;19160.0;19159.9926784;19159.962880000006;19159.985356800004;19159.977523200003;19159.955558400008;19159.92524800001;19159.866163200022;19159.895961600017;19159.85832960002;19159.851008000023;19159.985356800004;19159.93308160001;19159.970713600007;19160.0;19159.978035200005;
159.2310881412678;19159.970201600005;19160.0;19159.918438400015;19159.910604800014;19159.903283200016;19159.978035200005;19159.910604800014;19159.92524800001;19159.902771200013;19159.88131840002;19159.970713600007;19159.977523200003;19160.0;19159.970201600005;19159.9926784;19159.947724800008;19160.0;19160.0;19160.0;19159.970201600005;19160.0;19159.94091520001;19159.9926784;19159.977523200003;19159.985356800004;19159.955558400008;19159.903795200018;19159.903283200016;19159.851520000026;19159.888128000017;19160.0;19160.0;19160.0;19160.0;19160.0;19159.9926784;19159.962880000006;19159.985356800004;19159.977523200003;19159.955558400008;19159.92524800001;19159.866163200022;19159.895961600017;19159.85832960002;19159.851008000023;19159.985356800004;19159.93308160001;19159.970713600007;19160.0;19159.978035200005;
159.89431561526567;19159.970201600005;19160.0;19159.918438400015;19159.910604800014;19159.903283200016;19159.978035200005;19159.910604800014;19159.92524800001;19159.902771200013;19159.88131840002;19159.970713600007;19159.977523200003;19160.0;19159.970201600005;19159.9926784;19159.947724800008;19160.0;19160.0;19160.0;19159.970201600005;19160.0;19159.94091520001;19159.9926784;19159.977523200003;19159.985356800004;19159.955558400008;19159.903795200018;19159.903283200016;19159.851520000026;19159.888128000017;19160.0;19160.0;19160.0;19160.0;19160.0;19159.9926784;19159.962880000006;19159.985356800004;19159.977523200003;19159.955558400008;19159.92524800001;19159.866163200022;19159.895961600017;19159.85832960002;19159.851008000023;19159.985356800004;19159.93308160001;19159.970713600007;19160.0;19159.978035200005;
159.89831510819465;19159.970201600005;19160.0;19159.918438400015;19159.910604800014;19159.903283200016;19159.978035200005;19159.910604800014;19159.92524800001;19159.902771200013;19159.88131840002;19159.970713600007;19159.977523200003;19160.0;19159.970201600005;19159.9926784;19159.947724800008;19160.0;19160.0;19160.0;19159.970201600005;19160.0;19159.94091520001;19159.9926784;19159.977523200003;19159.985356800004;19159.955558400008;19159.903795200018;19159.903283200016;19159.851520000026;19159.888128000017;19160.0;19160.0;19160.0;19160.0;19160.0;19159.9926784;19159.962880000006;19159.985356800004;19159.977523200003;19159.955558400008;19159.92524800001;19159.866163200022;19159.895961600017;19159.85832960002;19159.851008000023;19159.985356800004;19159.93308160001;19159.970713600007;19160.0;19159.978035200005;
160.09921136266794;19159.962880000006;19160.0;19159.918438400015;19159.910604800014;19159.903283200016;19159.978035200005;19159.910604800014;19159.92524800001;19159.902771200013;19159.88131840002;19159.970713600007;19159.977523200003;19159.9926784;19159.970201600005;19159.985356800004;19159.947724800008;19160.0;19160.0;19160.0;19159.970201600005;19160.0;19159.94091520001;19159.9926784;19159.977523200003;19159.985356800004;19159.955558400008;19159.903795200018;19159.903283200016;19159.851520000026;19159.888128000017;19160.0;19160.0;19160.0;19160.0;19160.0;19159.9926784;19159.962880000006;19159.985356800004;19159.977523200003;19159.955558400008;19159.92524800001;19159.866163200022;19159.895961600017;19159.85832960002;19159.851008000023;19159.985356800004;19159.93308160001;19159.970713600007;19160.0;19159.978035200005;
160.11921043402714;19159.962880000006;19160.0;19159.918438400015;19159.910604800014;19159.903283200016;19159.978035200005;19159.910604800014;19159.92524800001;19159.902771200013;19159.88131840002;19159.970713600007;19159.977523200003;19159.9926784;19159.970201600005;19159.985356800004;19159.947724800008;19160.0;19160.0;19160.0;19159.970201600005;19160.0;19159.94091520001;19159.9926784;19159.977523200003;19159.985356800004;19159.955558400008;19159.903795200018;19159.903283200016;19159.851520000026;19159.888128000017;19160.0;19160.0;19160.0;19160.0;19160.0;19159.9926784;19159.962880000006;19159.985356800004;19159.977523200003;19159.955558400008;19159.92524800001;19159.866163200022;19159.895961600017;19159.85832960002;19159.851008000023;19159.985356800004;19159.93308160001;19159.970713600007;19160.0;19159.978035200005;
160.11921043402714;19159.962880000006;19160.0;19159.918438400015;19159.910604800014;19159.903283200016;19159.978035200005;19159.910604800014;19159.92524800001;19159.902771200013;19159.88131840002;19159.970713600007;19159.977523200003;19159.9926784;19159.970201600005;19159.970201600005;19159.947724800008;19160.0;19160.0;19160.0;19159.970201600005;19160.0;19159.94091520001;19159.9926784;19159.977523200003;19159.985356800004;19159.955558400008;19159.903795200018;19159.903283200016;19159.851520000026;19159.888128000017;19160.0;19160.0;19160.0;19160.0;19160.0;19159.9926784;19159.962880000006;19159.985356800004;19159.977523200003;19159.955558400008;19159.92524800001;19159.866163200022;19159.895961600017;19159.85832960002;19159.851008000023;19159.985356800004;19159.93308160001;19159.970713600007;19160.0;19159.978035200005;
160.12421074167273;19159.962880000006;19160.0;19159.918438400015;19159.910604800014;19159.903283200016;19159.978035200005;19159.910604800014;19159.92524800001;19159.902771200013;19159.88131840002;19159.970713600007;19159.977523200003;19159.9926784;19159.970201600005;19159.970201600005;19159.947724800008;19160.0;19160.0;19160.0;19159.970201600005;19160.0;19159.94091520001;19159.9926784;19159.977523200003;19159.985356800004;19159.955558400008;19159.903795200018;19159.903283200016;19159.851520000026;19159.888128000017;19160.0;19160.0;19160.0;19160.0;19160.0;19159.9926784;19159.962880000006;19159.985356800004;19159.977523200003;19159.955558400008;19159.92524800001;19159.866163200022;19159.895961600017;19159.85832960002;19159.851008000023;19159.985356800004;19159.93308160001;19159.970713600007;19160.0;19159.978035200005;
160.12421074167273;19159.962880000006;19160.0;19159.918438400015;19159.910604800014;19159.903283200016;19159.978035200005;19159.910604800014;19159.92524800001;19159.902771200013;19159.88131840002;19159.970713600007;19159.977523200003;19159.977523200003;19159.970201600005;19159.970201600005;19159.947724800008;19160.0;19160.0;19160.0;19159.970201600005;19160.0;19159.94091520001;19159.9926784;19159.977523200003;19159.985356800004;19159.955558400008;19159.903795200018;19159.903283200016;19159.851520000026;19159.888128000017;19160.0;19160.0;19160.0;19160.0;19160.0;19159.9926784;19159.962880000006;19159.985356800004;19159.977523200003;19159.955558400008;19159.92524800001;19159.866163200022;19159.895961600017;19159.85832960002;19159.851008000023;19159.985356800004;19159.93308160001;19159.970713600007;19160.0;19159.978035200005;
160.1262111196017;19159.962880000006;19160.0;19159.918438400015;19159.910604800014;19159.903283200016;19159.978035200005;19159.910604800014;19159.92524800001;19159.902771200013;19159.88131840002;19159.970713600007;19159.977523200003;19159.977523200003;19159.970201600005;19159.970201600005;19159.947724800008;19160.0;19160.0;19160.0;19159.970201600005;19160.0;19159.94091520001;19159.9926784;19159.977523200003;19159.985356800004;19159.955558400008;19159.903795200018;19159.903283200016;19159.851520000026;19159.888128000017;19160.0;19160.0;19160.0;19160.0;19160.0;19159.9926784;19159.962880000006;19159.985356800004;19159.977523200003;19159.955558400008;19159.92524800001;19159.866163200022;19159.895961600017;19159.85832960002;19159.851008000023;19159.985356800004;19159.93308160001;19159.970713600007;19160.0;19159.978035200005;
160.1262111196017;19159.947724800008;19160.0;19159.918438400015;19159.910604800014;19159.903283200016;19159.978035200005;19159.910604800014;19159.92524800001;19159.902771200013;19159.88131840002;19159.970713600007;19159.977523200003;19159.977523200003;19159.970201600005;19159.970201600005;19159.947724800008;19160.0;19160.0;19160.0;19159.970201600005;19160.0;19159.94091520001;19159.9926784;19159.977523200003;19159.985356800004;19159.955558400008;19159.903795200018;19159.903283200016;19159.851520000026;19159.888128000017;19160.0;19160.0;19160.0;19160.0;19160.0;19159.9926784;19159.962880000006;19159.985356800004;19159.977523200003;19159.955558400008;19159.92524800001;19159.866163200022;19159.895961600017;19159.85832960002;19159.851008000023;19159.985356800004;19159.93308160001;19159.970713600007;19160.0;19159.978035200005;
160.2310881412678;19159.947724800008;19160.0;19159.918438400015;19159.910604800014;19159.903283200016;19159.978035200005;19159.910604800014;19159.92524800001;19159.902771200013;19159.88131840002;19159.970713600007;19159.977523200003;19159.977523200003;19159.970201600005;19159.970201600005;19159.947724800008;19160.0;19160.0;19160.0;19159.970201600005;19160.0;19159.94091520001;19159.9926784;19159.977523200003;19159.985356800004;19159.955558400008;19159.903795200018;19159.903283200016;19159.851520000026;19159.888128000017;19160.0;19160.0;19160.0;19160.0;19160.0;19159.9926784;19159.962880000006;19159.985356800004;19159.977523200003;19159.955558400008;19159.92524800001;19159.866163200022;19159.895961600017;19159.85832960002;19159.851008000023;19159.985356800004;19159.93308160001;19159.970713600007;19160.0;19159.978035200005;
161.28733365542723;19159.947724800008;19160.0;19159.918438400015;19159.910604800014;19159.903283200016;19159.978035200005;19159.910604800014;19159.92524800001;19159.902771200013;19159.88131840002;19159.970713600007;19159.970201600005;19159.977523200003;19159.962880000006;19159.970201600005;19159.947724800008;19160.0;19159.9926784;19160.0;19159.970201600005;19160.0;19159.94091520001;19159.9926784;19159.977523200003;19159.985356800004;19159.955558400008;19159.903795200018;19159.903283200016;19159.851520000026;19159.888128000017;19160.0;19160.0;19160.0;19160.0;19160.0;19159.9926784;19159.962880000006;19159.985356800004;19159.977523200003;19159.955558400008;19159.92524800001;19159.866163200022;19159.895961600017;19159.85832960002;19159.851008000023;19159.985356800004;19159.93308160001;19159.970713600007;19160.0;19159.978035200005;
161.29233396307282;19159.947724800008;19159.9926784;19159.918438400015;19159.910604800014;19159.903283200016;19159.978035200005;19159.910604800014;19159.92524800001;19159.902771200013;19159.88131840002;19159.970713600007;19159.962880000006;19159.977523200003;19159.962880000006;19159.970201600005;19159.947724800008;19159.9926784;19159.9926784;19160.0;19159.970201600005;19160.0;19159.94091520001;19159.9926784;19159.977523200003;19159.985356800004;19159.955558400008;19159.903795200018;19159.903283200016;19159.851520000026;19159.888128000017;19160.0;19160.0;19160.0;19160.0;19160.0;19159.9926784;19159.962880000006;19159.985356800004;19159.977523200003;19159.955558400008;19159.92524800001;19159.866163200022;19159.895961600017;19159.85832960002;19159.851008000023;19159.985356800004;19159.93308160001;19159.970713600007;19160.0;19159.978035200005;
161.2943343410018;19159.947724800008;19159.9926784;19159.911116800016;19159.910604800014;19159.903283200016;19159.978035200005;19159.910604800014;19159.92524800001;19159.902771200013;19159.88131840002;19159.96339200001;19159.955558400008;19159.977523200003;19159.962880000006;19159.970201600005;19159.947724800008;19159.9926784;19159.9926784;19160.0;19159.970201600005;19160.0;19159.94091520001;19159.9926784;19159.977523200003;19159.985356800004;19159.955558400008;19159.903795200018;19159.903283200016;19159.851520000026;19159.888128000017;19160.0;19160.0;19160.0;19160.0;19160.0;19159.9926784;19159.962880000006;19159.985356800004;19159.977523200003;19159.955558400008;19159.92524800001;19159.866163200022;19159.895961600017;19159.85832960002;19159.851008000023;19159.985356800004;19159.93308160001;19159.970713600007;19160.0;19159.978035200005;
161.36833551137678;19159.947724800008;19159.9926784;19159.911116800016;19159.910604800014;19159.903283200016;19159.978035200005;19159.910604800014;19159.92524800001;19159.902771200013;19159.88131840002;19159.96339200001;19159.955558400008;19159.977523200003;19159.962880000006;19159.970201600005;19159.947724800008;19159.9926784;19159.9926784;19160.0;19159.970201600005;19160.0;19159.94091520001;19159.9926784;19159.977523200003;19159.985356800004;19159.955558400008;19159.903795200018;19159.903283200016;19159.851520000026;19159.888128000017;19160.0;19160.0;19160.0;19160.0;19160.0;19159.9926784;19159.962880000006;19159.985356800004;19159.977523200003;19159.955558400008;19159.92524800001;19159.866163200022;19159.895961600017;19159.85832960002;19159.851008000023;19159.985356800004;19159.93308160001;19159.970713600007;19160.0;19159.978035200005;
161.36833551137678;19159.947724800008;19159.9926784;19159.911116800016;19159.910604800014;19159.903283200016;19159.978035200005;19159.910604800014;19159.92524800001;19159.902771200013;19159.88131840002;19159.96339200001;19159.94040320001;19159.977523200003;19159.962880000006;19159.970201600005;19159.947724800008;19159.9926784;19159.9926784;19160.0;19159.970201600005;19160.0;19159.94091520001;19159.9926784;19159.977523200003;19159.985356800004;19159.955558400008;19159.903795200018;19159.903283200016;19159.851520000026;19159.888128000017;19160.0;19160.0;19160.0;19160.0;19160.0;19159.9926784;19159.962880000006;19159.985356800004;19159.977523200003;19159.955558400008;19159.92524800001;19159.866163200022;19159.895961600017;19159.85832960002;19159.851008000023;19159.985356800004;19159.93308160001;19159.970713600007;19160.0;19159.978035200005;
162.36756707519817;19159.947724800008;19159.9926784;19159.911116800016;19159.910604800014;19159.903283200016;19159.978035200005;19159.910604800014;19159.92524800001;19159.902771200013;19159.88131840002;19159.96339200001;19159.94040320001;19159.977523200003;19159.962880000006;19159.970201600005;19159.947724800008;19159.9926784;19159.9926784;19160.0;19159.970201600005;19160.0;19159.94091520001;19159.9926784;19159.977523200003;19159.985356800004;19159.955558400008;19159.903795200018;19159.903283200016;19159.851520000026;19159.888128000017;19160.0;19160.0;19160.0;19160.0;19160.0;19159.9926784;19159.962880000006;19159.985356800004;19159.977523200003;19159.955558400008;19159.92524800001;19159.866163200022;19159.895961600017;19159.85832960002;19159.851008000023;19159.985356800004;19159.93308160001;19159.970713600007;19160.0;19159.978035200005;
162.36833551137678;19159.947724800008;19159.9926784;19159.911116800016;19159.910604800014;19159.903283200016;19159.978035200005;19159.910604800014;19159.92524800001;19159.902771200013;19159.88131840002;19159.96339200001;19159.94040320001;19159.977523200003;19159.962880000006;19159.970201600005;19159.947724800008;19159.9926784;19159.9926784;19160.0;19159.970201600005;19160.0;19159.94091520001;19159.9926784;19159.977523200003;19159.985356800004;19159.955558400008;19159.903795200018;19159.903283200016;19159.851520000026;19159.888128000017;19160.0;19160.0;19160.0;19160.0;19160.0;19159.9926784;19159.962880000006;19159.985356800004;19159.977523200003;19159.955558400008;19159.92524800001;19159.866163200022;19159.895961600017;19159.85832960002;19159.851008000023;19159.985356800004;19159.93308160001;19159.970713600007;19160.0;19159.978035200005;
162.5364587327769;19159.94040320001;19159.9926784;19159.911116800016;19159.910604800014;19159.903283200016;19159.978035200005;19159.910604800014;19159.92524800001;19159.902771200013;19159.88131840002;19159.96339200001;19159.94040320001;19159.970201600005;19159.962880000006;19159.962880000006;19159.947724800008;19159.9926784;19159.9926784;19160.0;19159.970201600005;19160.0;19159.94091520001;19159.9926784;19159.977523200003;19159.985356800004;19159.955558400008;19159.903795200018;19159.903283200016;19159.851520000026;19159.888128000017;19160.0;19160.0;19160.0;19160.0;19160.0;19159.9926784;19159.962880000006;19159.985356800004;19159.977523200003;19159.955558400008;19159.92524800001;19159.866163200022;19159.895961600017;19159.85832960002;19159.851008000023;19159.985356800004;19159.93308160001;19159.970713600007;19160.0;19159.978035200005;
162.54856599141607;19159.94040320001;19159.9926784;19159.911116800016;19159.910604800014;19159.903283200016;19159.978035200005;19159.910604800014;19159.92524800001;19159.902771200013;19159.88131840002;19159.96339200001;19159.94040320001;19159.970201600005;19159.962880000006;19159.962880000006;19159.947724800008;19159.9926784;19159.9926784;19160.0;19159.970201600005;19160.0;19159.94091520001;19159.9926784;19159.977523200003;19159.985356800004;19159.955558400008;19159.903795200018;19159.903283200016;19159.851520000026;19159.888128000017;19160.0;19160.0;19160.0;19160.0;19160.0;19159.9926784;19159.962880000006;19159.985356800004;19159.977523200003;19159.955558400008;19159.92524800001;19159.866163200022;19159.895961600017;19159.85832960002;19159.851008000023;19159.985356800004;19159.93308160001;19159.970713600007;19160.0;19159.978035200005;
162.55156573960127;19159.94040320001;19159.9926784;19159.911116800016;19159.910604800014;19159.903283200016;19159.978035200005;19159.910604800014;19159.92524800001;19159.902771200013;19159.88131840002;19159.96339200001;19159.94040320001;19159.970201600005;19159.962880000006;19159.962880000006;19159.947724800008;19159.9926784;19159.9926784;19160.0;19159.970201600005;19160.0;19159.94091520001;19159.9926784;19159.977523200003;19159.985356800004;19159.955558400008;19159.903795200018;19159.903283200016;19159.851520000026;19159.888128000017;19160.0;19160.0;19160.0;19160.0;19160.0;19159.9926784;19159.962880000006;19159.985356800004;19159.977523200003;19159.955558400008;19159.92524800001;19159.866163200022;19159.895961600017;19159.85832960002;19159.851008000023;19159.985356800004;19159.93308160001;19159.970713600007;19160.0;19159.978035200005;
162.55945816146132;19159.94040320001;19159.9926784;19159.911116800016;19159.910604800014;19159.903283200016;19159.978035200005;19159.910604800014;19159.92524800001;19159.902771200013;19159.88131840002;19159.96339200001;19159.94040320001;19159.970201600005;19159.962880000006;19159.962880000006;19159.947724800008;19159.9926784;19159.9926784;19160.0;19159.970201600005;19160.0;19159.94091520001;19159.9926784;19159.977523200003;19159.985356800004;19159.955558400008;19159.903795200018;19159.903283200016;19159.851520000026;19159.888128000017;19160.0;19160.0;19160.0;19160.0;19160.0;19159.9926784;19159.962880000006;19159.985356800004;19159.977523200003;19159.955558400008;19159.92524800001;19159.866163200022;19159.895961600017;19159.85832960002;19159.851008000023;19159.985356800004;19159.93308160001;19159.970713600007;19160.0;19159.978035200005;
162.55945816146132;19159.94040320001;19159.9926784;19159.911116800016;19159.910604800014;19159.903283200016;19159.978035200005;19159.910604800014;19159.92524800001;19159.902771200013;19159.88131840002;19159.96339200001;19159.94040320001;19159.955046400006;19159.962880000006;19159.962880000006;19159.947724800008;19159.9926784;19159.9926784;19160.0;19159.970201600005;19160.0;19159.94091520001;19159.9926784;19159.977523200003;19159.985356800004;19159.955558400008;19159.903795200018;19159.903283200016;19159.851520000026;19159.888128000017;19160.0;19160.0;19160.0;19160.0;19160.0;19159.9926784;19159.962880000006;19159.985356800004;19159.977523200003;19159.955558400008;19159.92524800001;19159.866163200022;19159.895961600017;19159.85832960002;19159.851008000023;19159.985356800004;19159.93308160001;19159.970713600007;19160.0;19159.978035200005;
162.56245849871314;19159.94040320001;19159.9926784;19159.911116800016;19159.910604800014;19159.903283200016;19159.978035200005;19159.910604800014;19159.92524800001;19159.902771200013;19159.88131840002;19159.96339200001;19159.94040320001;19159.955046400006;19159.962880000006;19159.962880000006;19159.947724800008;19159.9926784;19159.9926784;19160.0;19159.970201600005;19160.0;19159.94091520001;19159.9926784;19159.977523200003;19159.985356800004;19159.955558400008;19159.903795200018;19159.903283200016;19159.851520000026;19159.888128000017;19160.0;19160.0;19160.0;19160.0;19160.0;19159.9926784;19159.962880000006;19159.985356800004;19159.977523200003;19159.955558400008;19159.92524800001;19159.866163200022;19159.895961600017;19159.85832960002;19159.851008000023;19159.985356800004;19159.93308160001;19159.970713600007;19160.0;19159.978035200005;
162.56245849871314;19159.92524800001;19159.9926784;19159.911116800016;19159.910604800014;19159.903283200016;19159.978035200005;19159.910604800014;19159.92524800001;19159.902771200013;19159.88131840002;19159.96339200001;19159.94040320001;19159.955046400006;19159.962880000006;19159.962880000006;19159.947724800008;19159.9926784;19159.9926784;19160.0;19159.970201600005;19160.0;19159.94091520001;19159.9926784;19159.977523200003;19159.985356800004;19159.955558400008;19159.903795200018;19159.903283200016;19159.851520000026;19159.888128000017;19160.0;19160.0;19160.0;19160.0;19160.0;19159.9926784;19159.962880000006;19159.985356800004;19159.977523200003;19159.955558400008;19159.92524800001;19159.866163200022;19159.895961600017;19159.85832960002;19159.851008000023;19159.985356800004;19159.93308160001;19159.970713600007;19160.0;19159.978035200005;
162.5744569683594;19159.92524800001;19159.9926784;19159.911116800016;19159.910604800014;19159.903283200016;19159.978035200005;19159.910604800014;19159.92524800001;19159.902771200013;19159.88131840002;19159.96339200001;19159.94040320001;19159.955046400006;19159.962880000006;19159.962880000006;19159.947724800008;19159.9926784;19159.9926784;19160.0;19159.970201600005;19160.0;19159.94091520001;19159.9926784;19159.977523200003;19159.985356800004;19159.955558400008;19159.903795200018;19159.903283200016;19159.851520000026;19159.888128000017;19160.0;19160.0;19160.0;19160.0;19160.0;19159.9926784;19159.962880000006;19159.985356800004;19159.977523200003;19159.955558400008;19159.92524800001;19159.866163200022;19159.895961600017;19159.85832960002;19159.851008000023;19159.985356800004;19159.93308160001;19159.970713600007;19160.0;19159.978035200005;
162.5744569683594;19159.92524800001;19159.9926784;19159.911116800016;19159.910604800014;19159.903283200016;19159.978035200005;19159.910604800014;19159.92524800001;19159.902771200013;19159.88131840002;19159.96339200001;19159.94040320001;19159.955046400006;19159.962880000006;19159.947724800008;19159.947724800008;19159.9926784;19159.9926784;19160.0;19159.970201600005;19160.0;19159.94091520001;19159.9926784;19159.977523200003;19159.985356800004;19159.955558400008;19159.903795200018;19159.903283200016;19159.851520000026;19159.888128000017;19160.0;19160.0;19160.0;19160.0;19160.0;19159.9926784;19159.962880000006;19159.985356800004;19159.977523200003;19159.955558400008;19159.92524800001;19159.866163200022;19159.895961600017;19159.85832960002;19159.851008000023;19159.985356800004;19159.93308160001;19159.970713600007;19160.0;19159.978035200005;
163.7166892128162;19159.92524800001;19159.9926784;19159.911116800016;19159.910604800014;19159.903283200016;19159.978035200005;19159.910604800014;19159.92524800001;19159.902771200013;19159.88131840002;19159.96339200001;19159.94040320001;19159.955046400006;19159.962880000006;19159.947724800008;19159.947724800008;19159.9926784;19159.9926784;19160.0;19159.970201600005;19160.0;19159.94091520001;19159.9926784;19159.977523200003;19159.985356800004;19159.955558400008;19159.903795200018;19159.903283200016;19159.851520000026;19159.888128000017;19160.0;19160.0;19160.0;19160.0;19160.0;19159.9926784;19159.962880000006;19159.985356800004;19159.977523200003;19159.955558400008;19159.92524800001;19159.866163200022;19159.895961600017;19159.85832960002;19159.851008000023;19159.985356800004;19159.93308160001;19159.970713600007;19160.0;19159.978035200005;
163.7166918589663;19159.92524800001;19159.9926784;19159.911116800016;19159.910604800014;19159.903283200016;19159.978035200005;19159.910604800014;19159.92524800001;19159.902771200013;19159.88131840002;19159.96339200001;19159.94040320001;19159.955046400006;19159.962880000006;19159.947724800008;19159.947724800008;19159.9926784;19159.9926784;19160.0;19159.970201600005;19160.0;19159.94091520001;19159.9926784;19159.977523200003;19159.985356800004;19159.955558400008;19159.903795200018;19159.903283200016;19159.851520000026;19159.888128000017;19160.0;19160.0;19160.0;19160.0;19160.0;19159.9926784;19159.962880000006;19159.985356800004;19159.977523200003;19159.955558400008;19159.92524800001;19159.866163200022;19159.895961600017;19159.85832960002;19159.851008000023;19159.985356800004;19159.93308160001;19159.970713600007;19160.0;19159.978035200005;
163.7196889610014;19159.92524800001;19159.9926784;19159.911116800016;19159.910604800014;19159.903283200016;19159.978035200005;19159.910604800014;19159.92524800001;19159.902771200013;19159.88131840002;19159.96339200001;19159.94040320001;19159.955046400006;19159.962880000006;19159.947724800008;19159.947724800008;19159.9926784;19159.9926784;19160.0;19159.970201600005;19160.0;19159.94091520001;19159.9926784;19159.977523200003;19159.985356800004;19159.955558400008;19159.903795200018;19159.903283200016;19159.851520000026;19159.888128000017;19160.0;19160.0;19160.0;19160.0;19160.0;19159.9926784;19159.962880000006;19159.985356800004;19159.977523200003;19159.955558400008;19159.92524800001;19159.866163200022;19159.895961600017;19159.85832960002;19159.851008000023;19159.985356800004;19159.93308160001;19159.970713600007;19160.0;19159.978035200005;
163.72758138286144;19159.92524800001;19159.985356800004;19159.911116800016;19159.910604800014;19159.903283200016;19159.978035200005;19159.910604800014;19159.92524800001;19159.902771200013;19159.88131840002;19159.96339200001;19159.93308160001;19159.955046400006;19159.962880000006;19159.947724800008;19159.947724800008;19159.985356800004;19159.9926784;19160.0;19159.970201600005;19160.0;19159.94091520001;19159.9926784;19159.977523200003;19159.985356800004;19159.955558400008;19159.903795200018;19159.903283200016;19159.851520000026;19159.888128000017;19160.0;19160.0;19160.0;19160.0;19160.0;19159.9926784;19159.962880000006;19159.985356800004;19159.977523200003;19159.955558400008;19159.92524800001;19159.866163200022;19159.895961600017;19159.85832960002;19159.851008000023;19159.985356800004;19159.93308160001;19159.970713600007;19160.0;19159.978035200005;
163.73058172011326;19159.92524800001;19159.985356800004;19159.903795200018;19159.910604800014;19159.903283200016;19159.978035200005;19159.910604800014;19159.92524800001;19159.902771200013;19159.88131840002;19159.95607040001;19159.925760000013;19159.955046400006;19159.962880000006;19159.947724800008;19159.947724800008;19159.985356800004;19159.9926784;19160.0;19159.970201600005;19160.0;19159.94091520001;19159.9926784;19159.977523200003;19159.985356800004;19159.955558400008;19159.903795200018;19159.903283200016;19159.851520000026;19159.888128000017;19160.0;19160.0;19160.0;19160.0;19160.0;19159.9926784;19159.962880000006;19159.985356800004;19159.977523200003;19159.955558400008;19159.92524800001;19159.866163200022;19159.895961600017;19159.85832960002;19159.851008000023;19159.985356800004;19159.93308160001;19159.970713600007;19160.0;19159.978035200005;
163.74258018975954;19159.92524800001;19159.985356800004;19159.903795200018;19159.910604800014;19159.903283200016;19159.978035200005;19159.910604800014;19159.92524800001;19159.902771200013;19159.88131840002;19159.95607040001;19159.918438400015;19159.955046400006;19159.955558400008;19159.947724800008;19159.947724800008;19159.985356800004;19159.985356800004;19160.0;19159.970201600005;19160.0;19159.94091520001;19159.9926784;19159.977523200003;19159.985356800004;19159.955558400008;19159.903795200018;19159.903283200016;19159.851520000026;19159.888128000017;19160.0;19160.0;19160.0;19160.0;19160.0;19159.9926784;19159.962880000006;19159.985356800004;19159.977523200003;19159.955558400008;19159.92524800001;19159.866163200022;19159.895961600017;19159.85832960002;19159.851008000023;19159.985356800004;19159.93308160001;19159.970713600007;19160.0;19159.978035200005;
163.79658296385554;19159.92524800001;19159.985356800004;19159.903795200018;19159.910604800014;19159.903283200016;19159.978035200005;19159.910604800014;19159.92524800001;19159.902771200013;19159.88131840002;19159.95607040001;19159.918438400015;19159.955046400006;19159.955558400008;19159.947724800008;19159.947724800008;19159.985356800004;19159.985356800004;19160.0;19159.970201600005;19160.0;19159.94091520001;19159.9926784;19159.977523200003;19159.985356800004;19159.955558400008;19159.903795200018;19159.903283200016;19159.851520000026;19159.888128000017;19160.0;19160.0;19160.0;19160.0;19160.0;19159.9926784;19159.962880000006;19159.985356800004;19159.977523200003;19159.955558400008;19159.92524800001;19159.866163200022;19159.895961600017;19159.85832960002;19159.851008000023;19159.985356800004;19159.93308160001;19159.970713600007;19160.0;19159.978035200005;
163.79658296385554;19159.92524800001;19159.985356800004;19159.903795200018;19159.910604800014;19159.903283200016;19159.978035200005;19159.910604800014;19159.92524800001;19159.902771200013;19159.88131840002;19159.95607040001;19159.903283200016;19159.955046400006;19159.955558400008;19159.947724800008;19159.947724800008;19159.985356800004;19159.985356800004;19160.0;19159.970201600005;19160.0;19159.94091520001;19159.9926784;19159.977523200003;19159.985356800004;19159.955558400008;19159.903795200018;19159.903283200016;19159.851520000026;19159.888128000017;19160.0;19160.0;19160.0;19160.0;19160.0;19159.9926784;19159.962880000006;19159.985356800004;19159.977523200003;19159.955558400008;19159.92524800001;19159.866163200022;19159.895961600017;19159.85832960002;19159.851008000023;19159.985356800004;19159.93308160001;19159.970713600007;19160.0;19159.978035200005;
163.81258277938346;19159.92524800001;19159.985356800004;19159.903795200018;19159.910604800014;19159.903283200016;19159.978035200005;19159.910604800014;19159.92524800001;19159.902771200013;19159.88131840002;19159.95607040001;19159.903283200016;19159.955046400006;19159.955558400008;19159.947724800008;19159.947724800008;19159.985356800004;19159.985356800004;19160.0;19159.970201600005;19160.0;19159.94091520001;19159.9926784;19159.977523200003;19159.985356800004;19159.955558400008;19159.903795200018;19159.903283200016;19159.851520000026;19159.888128000017;19160.0;19160.0;19160.0;19160.0;19160.0;19159.9926784;19159.962880000006;19159.985356800004;19159.977523200003;19159.955558400008;19159.92524800001;19159.866163200022;19159.895961600017;19159.85832960002;19159.851008000023;19159.985356800004;19159.93308160001;19159.970713600007;19160.0;19159.978035200005;
163.81258277938346;19159.92524800001;19159.985356800004;19159.903795200018;19159.910604800014;19159.903283200016;19159.978035200005;19159.910604800014;19159.92524800001;19159.902771200013;19159.88131840002;19159.95607040001;19159.903283200016;19159.955046400006;19159.955558400008;19159.947724800008;19159.947724800008;19159.985356800004;19159.970201600005;19160.0;19159.970201600005;19160.0;19159.94091520001;19159.9926784;19159.977523200003;19159.985356800004;19159.955558400008;19159.903795200018;19159.903283200016;19159.851520000026;19159.888128000017;19160.0;19160.0;19160.0;19160.0;19160.0;19159.9926784;19159.962880000006;19159.985356800004;19159.977523200003;19159.955558400008;19159.92524800001;19159.866163200022;19159.895961600017;19159.85832960002;19159.851008000023;19159.985356800004;19159.93308160001;19159.970713600007;19160.0;19159.978035200005;
164.11258277938347;19159.92524800001;19159.985356800004;19159.903795200018;19159.910604800014;19159.903283200016;19159.978035200005;19159.910604800014;19159.92524800001;19159.902771200013;19159.88131840002;19159.95607040001;19159.903283200016;19159.955046400006;19159.955558400008;19159.947724800008;19159.947724800008;19159.985356800004;19159.970201600005;19160.0;19159.970201600005;19160.0;19159.94091520001;19159.9926784;19159.977523200003;19159.985356800004;19159.955558400008;19159.903795200018;19159.903283200016;19159.851520000026;19159.888128000017;19160.0;19160.0;19160.0;19160.0;19160.0;19159.9926784;19159.962880000006;19159.985356800004;19159.977523200003;19159.955558400008;19159.92524800001;19159.866163200022;19159.895961600017;19159.85832960002;19159.851008000023;19159.985356800004;19159.93308160001;19159.970713600007;19160.0;19159.978035200005;
164.79658296385557;19159.92524800001;19159.985356800004;19159.903795200018;19159.910604800014;19159.903283200016;19159.978035200005;19159.910604800014;19159.92524800001;19159.902771200013;19159.88131840002;19159.95607040001;19159.903283200016;19159.955046400006;19159.955558400008;19159.947724800008;19159.947724800008;19159.985356800004;19159.970201600005;19160.0;19159.970201600005;19160.0;19159.94091520001;19159.9926784;19159.977523200003;19159.985356800004;19159.955558400008;19159.903795200018;19159.903283200016;19159.851520000026;19159.888128000017;19160.0;19160.0;19160.0;19160.0;19160.0;19159.9926784;19159.962880000006;19159.985356800004;19159.977523200003;19159.955558400008;19159.92524800001;19159.866163200022;19159.895961600017;19159.85832960002;19159.851008000023;19159.985356800004;19159.93308160001;19159.970713600007;19160.0;19159.978035200005;
164.9647061852557;19159.917926400012;19159.985356800004;19159.903795200018;19159.910604800014;19159.903283200016;19159.978035200005;19159.910604800014;19159.92524800001;19159.902771200013;19159.88131840002;19159.95607040001;19159.903283200016;19159.947724800008;19159.955558400008;19159.94040320001;19159.947724800008;19159.985356800004;19159.970201600005;19160.0;19159.970201600005;19160.0;19159.94091520001;19159.9926784;19159.977523200003;19159.985356800004;19159.955558400008;19159.903795200018;19159.903283200016;19159.851520000026;19159.888128000017;19160.0;19160.0;19160.0;19160.0;19160.0;19159.9926784;19159.962880000006;19159.985356800004;19159.977523200003;19159.955558400008;19159.92524800001;19159.866163200022;19159.895961600017;19159.85832960002;19159.851008000023;19159.985356800004;19159.93308160001;19159.970713600007;19160.0;19159.978035200005;
164.9807060007836;19159.917926400012;19159.985356800004;19159.903795200018;19159.910604800014;19159.903283200016;19159.978035200005;19159.910604800014;19159.92524800001;19159.902771200013;19159.88131840002;19159.95607040001;19159.903283200016;19159.947724800008;19159.955558400008;19159.93308160001;19159.947724800008;19159.985356800004;19159.970201600005;19159.9926784;19159.970201600005;19160.0;19159.94091520001;19159.9926784;19159.977523200003;19159.985356800004;19159.955558400008;19159.903795200018;19159.903283200016;19159.851520000026;19159.888128000017;19160.0;19160.0;19160.0;19160.0;19160.0;19159.9926784;19159.962880000006;19159.985356800004;19159.977523200003;19159.955558400008;19159.92524800001;19159.866163200022;19159.895961600017;19159.85832960002;19159.851008000023;19159.985356800004;19159.93308160001;19159.970713600007;19160.0;19159.978035200005;
164.98470525661492;19159.917926400012;19159.985356800004;19159.903795200018;19159.910604800014;19159.903283200016;19159.978035200005;19159.910604800014;19159.92524800001;19159.902771200013;19159.88131840002;19159.95607040001;19159.903283200016;19159.947724800008;19159.955558400008;19159.93308160001;19159.947724800008;19159.985356800004;19159.970201600005;19159.9926784;19159.970201600005;19160.0;19159.94091520001;19159.9926784;19159.977523200003;19159.985356800004;19159.955558400008;19159.903795200018;19159.903283200016;19159.851520000026;19159.888128000017;19160.0;19160.0;19160.0;19160.0;19160.0;19159.9926784;19159.962880000006;19159.985356800004;19159.977523200003;19159.955558400008;19159.92524800001;19159.866163200022;19159.895961600017;19159.85832960002;19159.851008000023;19159.985356800004;19159.93308160001;19159.970713600007;19160.0;19159.978035200005;
164.98470525661492;19159.917926400012;19159.985356800004;19159.903795200018;19159.910604800014;19159.903283200016;19159.978035200005;19159.910604800014;19159.92524800001;19159.902771200013;19159.88131840002;19159.95607040001;19159.903283200016;19159.947724800008;19159.955558400008;19159.917926400012;19159.947724800008;19159.985356800004;19159.970201600005;19159.9926784;19159.970201600005;19160.0;19159.94091520001;19159.9926784;19159.977523200003;19159.985356800004;19159.955558400008;19159.903795200018;19159.903283200016;19159.851520000026;19159.888128000017;19160.0;19160.0;19160.0;19160.0;19160.0;19159.9926784;19159.962880000006;19159.985356800004;19159.977523200003;19159.955558400008;19159.92524800001;19159.866163200022;19159.895961600017;19159.85832960002;19159.851008000023;19159.985356800004;19159.93308160001;19159.970713600007;19160.0;19159.978035200005;
164.98570566361974;19159.917926400012;19159.985356800004;19159.903795200018;19159.910604800014;19159.903283200016;19159.978035200005;19159.910604800014;19159.92524800001;19159.902771200013;19159.88131840002;19159.95607040001;19159.903283200016;19159.947724800008;19159.955558400008;19159.917926400012;19159.947724800008;19159.985356800004;19159.970201600005;19159.9926784;19159.970201600005;19160.0;19159.94091520001;19159.9926784;19159.977523200003;19159.985356800004;19159.955558400008;19159.903795200018;19159.903283200016;19159.851520000026;19159.888128000017;19160.0;19160.0;19160.0;19160.0;19160.0;19159.9926784;19159.962880000006;19159.985356800004;19159.977523200003;19159.955558400008;19159.92524800001;19159.866163200022;19159.895961600017;19159.85832960002;19159.851008000023;19159.985356800004;19159.93308160001;19159.970713600007;19160.0;19159.978035200005;
164.98570566361974;19159.917926400012;19159.985356800004;19159.903795200018;19159.910604800014;19159.903283200016;19159.978035200005;19159.910604800014;19159.92524800001;19159.902771200013;19159.88131840002;19159.95607040001;19159.903283200016;19159.93256960001;19159.955558400008;19159.917926400012;19159.947724800008;19159.985356800004;19159.970201600005;19159.9926784;19159.970201600005;19160.0;19159.94091520001;19159.9926784;19159.977523200003;19159.985356800004;19159.955558400008;19159.903795200018;19159.903283200016;19159.851520000026;19159.888128000017;19160.0;19160.0;19160.0;19160.0;19160.0;19159.9926784;19159.962880000006;19159.985356800004;19159.977523200003;19159.955558400008;19159.92524800001;19159.866163200022;19159.895961600017;19159.85832960002;19159.851008000023;19159.985356800004;19159.93308160001;19159.970713600007;19160.0;19159.978035200005;
164.99970587016986;19159.917926400012;19159.985356800004;19159.903795200018;19159.910604800014;19159.903283200016;19159.978035200005;19159.910604800014;19159.92524800001;19159.902771200013;19159.88131840002;19159.95607040001;19159.903283200016;19159.93256960001;19159.955558400008;19159.917926400012;19159.947724800008;19159.985356800004;19159.970201600005;19159.9926784;19159.970201600005;19160.0;19159.94091520001;19159.9926784;19159.977523200003;19159.985356800004;19159.955558400008;19159.903795200018;19159.903283200016;19159.851520000026;19159.888128000017;19160.0;19160.0;19160.0;19160.0;19160.0;19159.9926784;19159.962880000006;19159.985356800004;19159.977523200003;19159.955558400008;19159.92524800001;19159.866163200022;19159.895961600017;19159.85832960002;19159.851008000023;19159.985356800004;19159.93308160001;19159.970713600007;19160.0;19159.978035200005;
164.99970587016986;19159.902771200013;19159.985356800004;19159.903795200018;19159.910604800014;19159.903283200016;19159.978035200005;19159.910604800014;19159.92524800001;19159.902771200013;19159.88131840002;19159.95607040001;19159.903283200016;19159.93256960001;19159.955558400008;19159.917926400012;19159.947724800008;19159.985356800004;19159.970201600005;19159.9926784;19159.970201600005;19160.0;19159.94091520001;19159.9926784;19159.977523200003;19159.985356800004;19159.955558400008;19159.903795200018;19159.903283200016;19159.851520000026;19159.888128000017;19160.0;19160.0;19160.0;19160.0;19160.0;19159.9926784;19159.962880000006;19159.985356800004;19159.977523200003;19159.955558400008;19159.92524800001;19159.866163200022;19159.895961600017;19159.85832960002;19159.851008000023;19159.985356800004;19159.93308160001;19159.970713600007;19160.0;19159.978035200005;
165.0027044208382;19159.902771200013;19159.985356800004;19159.903795200018;19159.910604800014;19159.903283200016;19159.978035200005;19159.910604800014;19159.92524800001;19159.902771200013;19159.88131840002;19159.95607040001;19159.903283200016;19159.93256960001;19159.955558400008;19159.917926400012;19159.947724800008;19159.985356800004;19159.970201600005;19159.9926784;19159.970201600005;19160.0;19159.94091520001;19159.9926784;19159.977523200003;19159.985356800004;19159.955558400008;19159.903795200018;19159.903283200016;19159.851520000026;19159.888128000017;19160.0;19160.0;19160.0;19160.0;19160.0;19159.9926784;19159.962880000006;19159.985356800004;19159.977523200003;19159.955558400008;19159.92524800001;19159.866163200022;19159.895961600017;19159.85832960002;19159.851008000023;19159.985356800004;19159.93308160001;19159.970713600007;19160.0;19159.978035200005;
165.0027044208382;19159.902771200013;19159.985356800004;19159.903795200018;19159.910604800014;19159.903283200016;19159.978035200005;19159.910604800014;19159.92524800001;19159.902771200013;19159.88131840002;19159.95607040001;19159.903283200016;19159.93256960001;19159.955558400008;19159.902771200013;19159.947724800008;19159.985356800004;19159.970201600005;19159.9926784;19159.970201600005;19160.0;19159.94091520001;19159.9926784;19159.977523200003;19159.985356800004;19159.955558400008;19159.903795200018;19159.903283200016;19159.851520000026;19159.888128000017;19160.0;19160.0;19160.0;19160.0;19160.0;19159.9926784;19159.962880000006;19159.985356800004;19159.977523200003;19159.955558400008;19159.92524800001;19159.866163200022;19159.895961600017;19159.85832960002;19159.851008000023;19159.985356800004;19159.93308160001;19159.970713600007;19160.0;19159.978035200005;
165.0307055123913;19159.902771200013;19159.985356800004;19159.903795200018;19159.910604800014;19159.903283200016;19159.978035200005;19159.910604800014;19159.92524800001;19159.902771200013;19159.88131840002;19159.95607040001;19159.903283200016;19159.93256960001;19159.955558400008;19159.902771200013;19159.947724800008;19159.985356800004;19159.970201600005;19159.9926784;19159.970201600005;19160.0;19159.94091520001;19159.9926784;19159.977523200003;19159.985356800004;19159.955558400008;19159.903795200018;19159.903283200016;19159.851520000026;19159.888128000017;19160.0;19160.0;19160.0;19160.0;19160.0;19159.9926784;19159.962880000006;19159.985356800004;19159.977523200003;19159.955558400008;19159.92524800001;19159.866163200022;19159.895961600017;19159.85832960002;19159.851008000023;19159.985356800004;19159.93308160001;19159.970713600007;19160.0;19159.978035200005;
165.0307055123913;19159.902771200013;19159.985356800004;19159.903795200018;19159.910604800014;19159.903283200016;19159.978035200005;19159.910604800014;19159.92524800001;19159.902771200013;19159.88131840002;19159.95607040001;19159.903283200016;19159.93256960001;19159.955558400008;19159.902771200013;19159.947724800008;19159.985356800004;19159.970201600005;19159.977523200003;19159.970201600005;19160.0;19159.94091520001;19159.9926784;19159.977523200003;19159.985356800004;19159.955558400008;19159.903795200018;19159.903283200016;19159.851520000026;19159.888128000017;19160.0;19160.0;19160.0;19160.0;19160.0;19159.9926784;19159.962880000006;19159.985356800004;19159.977523200003;19159.955558400008;19159.92524800001;19159.866163200022;19159.895961600017;19159.85832960002;19159.851008000023;19159.985356800004;19159.93308160001;19159.970713600007;19160.0;19159.978035200005;
165.1125827793835;19159.902771200013;19159.985356800004;19159.903795200018;19159.910604800014;19159.903283200016;19159.978035200005;19159.910604800014;19159.92524800001;19159.902771200013;19159.88131840002;19159.95607040001;19159.903283200016;19159.93256960001;19159.955558400008;19159.902771200013;19159.947724800008;19159.985356800004;19159.970201600005;19159.977523200003;19159.970201600005;19160.0;19159.94091520001;19159.9926784;19159.977523200003;19159.985356800004;19159.955558400008;19159.903795200018;19159.903283200016;19159.851520000026;19159.888128000017;19160.0;19160.0;19160.0;19160.0;19160.0;19159.9926784;19159.962880000006;19159.985356800004;19159.977523200003;19159.955558400008;19159.92524800001;19159.866163200022;19159.895961600017;19159.85832960002;19159.851008000023;19159.985356800004;19159.93308160001;19159.970713600007;19160.0;19159.978035200005;
166.152828478015;19159.902771200013;19159.985356800004;19159.903795200018;19159.910604800014;19159.903283200016;19159.978035200005;19159.910604800014;19159.92524800001;19159.902771200013;19159.88131840002;19159.95607040001;19159.895961600017;19159.93256960001;19159.94823680001;19159.902771200013;19159.947724800008;19159.985356800004;19159.962880000006;19159.977523200003;19159.970201600005;19160.0;19159.94091520001;19159.9926784;19159.977523200003;19159.985356800004;19159.955558400008;19159.903795200018;19159.903283200016;19159.851520000026;19159.888128000017;19160.0;19160.0;19160.0;19160.0;19160.0;19159.9926784;19159.962880000006;19159.985356800004;19159.977523200003;19159.955558400008;19159.92524800001;19159.866163200022;19159.895961600017;19159.85832960002;19159.851008000023;19159.985356800004;19159.93308160001;19159.970713600007;19160.0;19159.978035200005;
166.15382888501983;19159.902771200013;19159.978035200005;19159.903795200018;19159.910604800014;19159.903283200016;19159.978035200005;19159.910604800014;19159.92524800001;19159.902771200013;19159.88131840002;19159.95607040001;19159.88864000002;19159.93256960001;19159.94823680001;19159.902771200013;19159.947724800008;19159.978035200005;19159.962880000006;19159.977523200003;19159.970201600005;19160.0;19159.94091520001;19159.9926784;19159.977523200003;19159.985356800004;19159.955558400008;19159.903795200018;19159.903283200016;19159.851520000026;19159.888128000017;19160.0;19160.0;19160.0;19160.0;19160.0;19159.9926784;19159.962880000006;19159.985356800004;19159.977523200003;19159.955558400008;19159.92524800001;19159.866163200022;19159.895961600017;19159.85832960002;19159.851008000023;19159.985356800004;19159.93308160001;19159.970713600007;19160.0;19159.978035200005;
166.16782909156996;19159.902771200013;19159.978035200005;19159.89647360002;19159.910604800014;19159.903283200016;19159.978035200005;19159.910604800014;19159.92524800001;19159.902771200013;19159.88131840002;19159.948748800012;19159.88131840002;19159.93256960001;19159.94823680001;19159.902771200013;19159.947724800008;19159.978035200005;19159.962880000006;19159.977523200003;19159.970201600005;19160.0;19159.94091520001;19159.9926784;19159.977523200003;19159.985356800004;19159.955558400008;19159.903795200018;19159.903283200016;19159.851520000026;19159.888128000017;19160.0;19160.0;19160.0;19160.0;19160.0;19159.9926784;19159.962880000006;19159.985356800004;19159.977523200003;19159.955558400008;19159.92524800001;19159.866163200022;19159.895961600017;19159.85832960002;19159.851008000023;19159.985356800004;19159.93308160001;19159.970713600007;19160.0;19159.978035200005;
166.1708276422383;19159.902771200013;19159.978035200005;19159.89647360002;19159.910604800014;19159.903283200016;19159.978035200005;19159.910604800014;19159.92524800001;19159.902771200013;19159.88131840002;19159.948748800012;19159.873996800023;19159.93256960001;19159.94091520001;19159.902771200013;19159.947724800008;19159.978035200005;19159.955558400008;19159.977523200003;19159.970201600005;19160.0;19159.94091520001;19159.9926784;19159.977523200003;19159.985356800004;19159.955558400008;19159.903795200018;19159.903283200016;19159.851520000026;19159.888128000017;19160.0;19160.0;19160.0;19160.0;19160.0;19159.9926784;19159.962880000006;19159.985356800004;19159.977523200003;19159.955558400008;19159.92524800001;19159.866163200022;19159.895961600017;19159.85832960002;19159.851008000023;19159.985356800004;19159.93308160001;19159.970713600007;19160.0;19159.978035200005;
166.1988287337914;19159.902771200013;19159.978035200005;19159.89647360002;19159.910604800014;19159.903283200016;19159.978035200005;19159.910604800014;19159.92524800001;19159.902771200013;19159.88131840002;19159.948748800012;19159.873996800023;19159.93256960001;19159.94091520001;19159.902771200013;19159.947724800008;19159.970713600007;19159.94823680001;19159.977523200003;19159.970201600005;19160.0;19159.94091520001;19159.9926784;19159.977523200003;19159.985356800004;19159.955558400008;19159.903795200018;19159.903283200016;19159.851520000026;19159.888128000017;19160.0;19159.9926784;19160.0;19160.0;19160.0;19159.9926784;19159.962880000006;19159.985356800004;19159.977523200003;19159.955558400008;19159.92524800001;19159.866163200022;19159.895961600017;19159.85832960002;19159.851008000023;19159.985356800004;19159.93308160001;19159.970713600007;19160.0;19159.978035200005;
168.66518146807115;19159.902771200013;19159.978035200005;19159.89647360002;19159.910604800014;19159.903283200016;19159.978035200005;19159.910604800014;19159.92524800001;19159.902771200013;19159.88131840002;19159.948748800012;19159.873996800023;19159.93256960001;19159.94091520001;19159.902771200013;19159.947724800008;19159.970713600007;19159.94823680001;19159.977523200003;19159.970201600005;19160.0;19159.94091520001;19159.9926784;19159.977523200003;19159.985356800004;19159.955558400008;19159.903795200018;19159.903283200016;19159.851520000026;19159.888128000017;19160.0;19159.9926784;19160.0;19160.0;19160.0;19159.9926784;19159.962880000006;19159.985356800004;19159.977523200003;19159.955558400008;19159.92524800001;19159.866163200022;19159.895961600017;19159.85832960002;19159.851008000023;19159.985356800004;19159.93308160001;19159.970713600007;19160.0;19159.978035200005;
168.67018126617916;19159.902771200013;19159.978035200005;19159.89647360002;19159.910604800014;19159.903283200016;19159.978035200005;19159.910604800014;19159.92524800001;19159.902771200013;19159.88131840002;19159.948748800012;19159.873996800023;19159.93256960001;19159.94091520001;19159.902771200013;19159.947724800008;19159.970713600007;19159.94823680001;19159.977523200003;19159.970201600005;19160.0;19159.94091520001;19159.9926784;19159.977523200003;19159.985356800004;19159.955558400008;19159.903795200018;19159.903283200016;19159.851520000026;19159.888128000017;19160.0;19159.9926784;19160.0;19160.0;19160.0;19159.9926784;19159.962880000006;19159.985356800004;19159.977523200003;19159.955558400008;19159.92524800001;19159.866163200022;19159.895961600017;19159.85832960002;19159.851008000023;19159.985356800004;19159.93308160001;19159.970713600007;19160.0;19159.978035200005;
168.6841796507186;19159.902771200013;19159.978035200005;19159.89647360002;19159.910604800014;19159.903283200016;19159.978035200005;19159.910604800014;19159.92524800001;19159.902771200013;19159.88131840002;19159.948748800012;19159.873996800023;19159.93256960001;19159.94091520001;19159.902771200013;19159.947724800008;19159.970713600007;19159.94823680001;19159.977523200003;19159.970201600005;19160.0;19159.94091520001;19159.9926784;19159.977523200003;19159.985356800004;19159.955558400008;19159.903795200018;19159.903283200016;19159.851520000026;19159.888128000017;19160.0;19159.9926784;19160.0;19160.0;19160.0;19159.9926784;19159.962880000006;19159.985356800004;19159.977523200003;19159.955558400008;19159.92524800001;19159.866163200022;19159.895961600017;19159.85832960002;19159.851008000023;19159.985356800004;19159.93308160001;19159.970713600007;19160.0;19159.978035200005;
169.83330468947128;19159.902771200013;19159.978035200005;19159.89647360002;19159.910604800014;19159.903283200016;19159.978035200005;19159.910604800014;19159.92524800001;19159.902771200013;19159.88131840002;19159.948748800012;19159.873996800023;19159.93256960001;19159.94091520001;19159.902771200013;19159.947724800008;19159.970713600007;19159.94823680001;19159.977523200003;19159.970201600005;19160.0;19159.94091520001;19159.9926784;19159.977523200003;19159.985356800004;19159.955558400008;19159.903795200018;19159.903283200016;19159.851520000026;19159.888128000017;19160.0;19159.9926784;19160.0;19160.0;19160.0;19159.9926784;19159.962880000006;19159.985356800004;19159.977523200003;19159.955558400008;19159.92524800001;19159.866163200022;19159.895961600017;19159.85832960002;19159.851008000023;19159.985356800004;19159.93308160001;19159.970713600007;19160.0;19159.978035200005;
169.83830448757928;19159.902771200013;19159.978035200005;19159.89647360002;19159.910604800014;19159.903283200016;19159.978035200005;19159.910604800014;19159.92524800001;19159.902771200013;19159.88131840002;19159.948748800012;19159.873996800023;19159.93256960001;19159.94091520001;19159.902771200013;19159.947724800008;19159.970713600007;19159.94823680001;19159.977523200003;19159.970201600005;19160.0;19159.94091520001;19159.9926784;19159.977523200003;19159.985356800004;19159.955558400008;19159.903795200018;19159.903283200016;19159.851520000026;19159.888128000017;19160.0;19159.9926784;19160.0;19160.0;19160.0;19159.9926784;19159.962880000006;19159.985356800004;19159.977523200003;19159.955558400008;19159.92524800001;19159.866163200022;19159.895961600017;19159.85832960002;19159.851008000023;19159.985356800004;19159.93308160001;19159.970713600007;19160.0;19159.978035200005;
169.8523028721187;19159.902771200013;19159.978035200005;19159.89647360002;19159.910604800014;19159.903283200016;19159.978035200005;19159.910604800014;19159.92524800001;19159.902771200013;19159.88131840002;19159.948748800012;19159.873996800023;19159.93256960001;19159.94091520001;19159.902771200013;19159.947724800008;19159.970713600007;19159.94823680001;19159.977523200003;19159.970201600005;19160.0;19159.94091520001;19159.9926784;19159.977523200003;19159.985356800004;19159.955558400008;19159.903795200018;19159.903283200016;19159.851520000026;19159.888128000017;19160.0;19159.9926784;19160.0;19160.0;19160.0;19159.9926784;19159.962880000006;19159.985356800004;19159.977523200003;19159.955558400008;19159.92524800001;19159.866163200022;19159.895961600017;19159.85832960002;19159.851008000023;19159.985356800004;19159.93308160001;19159.970713600007;19160.0;19159.978035200005;
180.00333333333333;19159.902771200013;19159.978035200005;19159.89647360002;19159.910604800014;19159.903283200016;19159.978035200005;19159.910604800014;19159.92524800001;19159.902771200013;19159.88131840002;19159.948748800012;19159.873996800023;19159.93256960001;19159.94091520001;19159.902771200013;19159.947724800008;19159.970713600007;19159.94823680001;19159.977523200003;19159.970201600005;19160.0;19159.94091520001;19159.9926784;19159.977523200003;19159.985356800004;19159.955558400008;19159.903795200018;19159.903283200016;19159.851520000026;19159.888128000017;19160.0;19159.9926784;19160.0;19160.0;19160.0;19159.9926784;19159.962880000006;19159.985356800004;19159.977523200003;19159.955558400008;19159.92524800001;19159.866163200022;19159.895961600017;19159.85832960002;19159.851008000023;19159.985356800004;19159.93308160001;19159.970713600007;19160.0;19159.978035200005;
181.33345837564528;19159.902771200013;19159.978035200005;19159.89647360002;19159.910604800014;19159.903283200016;19159.978035200005;19159.910604800014;19159.92524800001;19159.902771200013;19159.88131840002;19159.948748800012;19159.873996800023;19159.93256960001;19159.94091520001;19159.902771200013;19159.947724800008;19159.970713600007;19159.94823680001;19159.977523200003;19159.970201600005;19160.0;19159.94091520001;19159.9926784;19159.977523200003;19159.985356800004;19159.955558400008;19159.903795200018;19159.903283200016;19159.851520000026;19159.888128000017;19160.0;19159.9926784;19160.0;19160.0;19160.0;19159.9926784;19159.962880000006;19159.985356800004;19159.977523200003;19159.955558400008;19159.92524800001;19159.866163200022;19159.895961600017;19159.85832960002;19159.851008000023;19159.985356800004;19159.93308160001;19159.970713600007;19160.0;19159.978035200005;
181.33645918845008;19159.902771200013;19159.978035200005;19159.89647360002;19159.910604800014;19159.903283200016;19159.978035200005;19159.910604800014;19159.92524800001;19159.902771200013;19159.88131840002;19159.948748800012;19159.873996800023;19159.93256960001;19159.94091520001;19159.902771200013;19159.947724800008;19159.970713600007;19159.94823680001;19159.977523200003;19159.970201600005;19160.0;19159.94091520001;19159.9926784;19159.977523200003;19159.985356800004;19159.955558400008;19159.903795200018;19159.903283200016;19159.851520000026;19159.888128000017;19160.0;19159.9926784;19160.0;19160.0;19160.0;19159.9926784;19159.962880000006;19159.985356800004;19159.977523200003;19159.955558400008;19159.92524800001;19159.866163200022;19159.895961600017;19159.85832960002;19159.851008000023;19159.985356800004;19159.93308160001;19159.970713600007;19160.0;19159.978035200005;
181.3594610611576;19159.902771200013;19159.978035200005;19159.89647360002;19159.910604800014;19159.903283200016;19159.978035200005;19159.910604800014;19159.92524800001;19159.902771200013;19159.88131840002;19159.948748800012;19159.873996800023;19159.93256960001;19159.94091520001;19159.902771200013;19159.947724800008;19159.970713600007;19159.94823680001;19159.977523200003;19159.970201600005;19160.0;19159.94091520001;19159.9926784;19159.977523200003;19159.985356800004;19159.955558400008;19159.903795200018;19159.903283200016;19159.851520000026;19159.888128000017;19160.0;19159.9926784;19160.0;19160.0;19160.0;19159.9926784;19159.962880000006;19159.985356800004;19159.977523200003;19159.955558400008;19159.92524800001;19159.866163200022;19159.895961600017;19159.85832960002;19159.851008000023;19159.985356800004;19159.93308160001;19159.970713600007;19160.0;19159.978035200005;
181.41245389073583;19159.902771200013;19159.978035200005;19159.89647360002;19159.910604800014;19159.903283200016;19159.978035200005;19159.910604800014;19159.92524800001;19159.902771200013;19159.88131840002;19159.948748800012;19159.873996800023;19159.93256960001;19159.94091520001;19159.902771200013;19159.947724800008;19159.970713600007;19159.94823680001;19159.977523200003;19159.970201600005;19160.0;19159.94091520001;19159.9926784;19159.977523200003;19159.985356800004;19159.955558400008;19159.903795200018;19159.903283200016;19159.851520000026;19159.888128000017;19160.0;19159.9926784;19160.0;19160.0;19160.0;19159.9926784;19159.962880000006;19159.985356800004;19159.977523200003;19159.955558400008;19159.92524800001;19159.866163200022;19159.895961600017;19159.85832960002;19159.851008000023;19159.985356800004;19159.93308160001;19159.970713600007;19160.0;19159.978035200005;
181.41245389073583;19159.902771200013;19159.978035200005;19159.89647360002;19159.910604800014;19159.903283200016;19159.978035200005;19159.910604800014;19159.92524800001;19159.902771200013;19159.88131840002;19159.948748800012;19159.873996800023;19159.93256960001;19159.94091520001;19159.902771200013;19159.947724800008;19159.970713600007;19159.94823680001;19159.977523200003;19159.970201600005;19160.0;19159.94091520001;19159.9926784;19159.962368000004;19159.985356800004;19159.955558400008;19159.903795200018;19159.903283200016;19159.851520000026;19159.888128000017;19160.0;19159.9926784;19160.0;19160.0;19160.0;19159.9926784;19159.962880000006;19159.985356800004;19159.977523200003;19159.955558400008;19159.92524800001;19159.866163200022;19159.895961600017;19159.85832960002;19159.851008000023;19159.985356800004;19159.93308160001;19159.970713600007;19160.0;19159.978035200005;
181.71245389073584;19159.902771200013;19159.978035200005;19159.89647360002;19159.910604800014;19159.903283200016;19159.978035200005;19159.910604800014;19159.92524800001;19159.902771200013;19159.88131840002;19159.948748800012;19159.873996800023;19159.93256960001;19159.94091520001;19159.902771200013;19159.947724800008;19159.970713600007;19159.94823680001;19159.977523200003;19159.970201600005;19160.0;19159.94091520001;19159.9926784;19159.962368000004;19159.985356800004;19159.955558400008;19159.903795200018;19159.903283200016;19159.851520000026;19159.888128000017;19160.0;19159.9926784;19160.0;19160.0;19160.0;19159.9926784;19159.962880000006;19159.985356800004;19159.977523200003;19159.955558400008;19159.92524800001;19159.866163200022;19159.895961600017;19159.85832960002;19159.851008000023;19159.985356800004;19159.93308160001;19159.970713600007;19160.0;19159.978035200005;
182.50158159704543;19159.902771200013;19159.978035200005;19159.89647360002;19159.910604800014;19159.903283200016;19159.978035200005;19159.910604800014;19159.92524800001;19159.902771200013;19159.88131840002;19159.948748800012;19159.873996800023;19159.93256960001;19159.94091520001;19159.902771200013;19159.947724800008;19159.970713600007;19159.94823680001;19159.977523200003;19159.970201600005;19160.0;19159.94091520001;19159.9926784;19159.962368000004;19159.985356800004;19159.955558400008;19159.903795200018;19159.903283200016;19159.851520000026;19159.888128000017;19160.0;19159.9926784;19160.0;19160.0;19160.0;19159.9926784;19159.962880000006;19159.985356800004;19159.977523200003;19159.955558400008;19159.92524800001;19159.866163200022;19159.895961600017;19159.85832960002;19159.851008000023;19159.985356800004;19159.93308160001;19159.970713600007;19160.0;19159.978035200005;
182.50458240985023;19159.902771200013;19159.978035200005;19159.89647360002;19159.910604800014;19159.903283200016;19159.978035200005;19159.910604800014;19159.92524800001;19159.902771200013;19159.88131840002;19159.948748800012;19159.873996800023;19159.93256960001;19159.94091520001;19159.902771200013;19159.947724800008;19159.970713600007;19159.94823680001;19159.977523200003;19159.970201600005;19160.0;19159.94091520001;19159.9926784;19159.962368000004;19159.985356800004;19159.955558400008;19159.903795200018;19159.903283200016;19159.851520000026;19159.888128000017;19160.0;19159.9926784;19160.0;19160.0;19160.0;19159.9926784;19159.962880000006;19159.985356800004;19159.977523200003;19159.955558400008;19159.92524800001;19159.866163200022;19159.895961600017;19159.85832960002;19159.851008000023;19159.985356800004;19159.93308160001;19159.970713600007;19160.0;19159.978035200005;
182.5275842825577;19159.902771200013;19159.978035200005;19159.89647360002;19159.910604800014;19159.903283200016;19159.978035200005;19159.910604800014;19159.92524800001;19159.902771200013;19159.88131840002;19159.948748800012;19159.873996800023;19159.93256960001;19159.94091520001;19159.902771200013;19159.947724800008;19159.970713600007;19159.94823680001;19159.977523200003;19159.970201600005;19160.0;19159.94091520001;19159.9926784;19159.962368000004;19159.985356800004;19159.955558400008;19159.903795200018;19159.903283200016;19159.851520000026;19159.888128000017;19160.0;19159.9926784;19160.0;19160.0;19160.0;19159.9926784;19159.962880000006;19159.985356800004;19159.977523200003;19159.955558400008;19159.92524800001;19159.866163200022;19159.895961600017;19159.85832960002;19159.851008000023;19159.985356800004;19159.93308160001;19159.970713600007;19160.0;19159.978035200005;
182.58057711213596;19159.902771200013;19159.978035200005;19159.89647360002;19159.910604800014;19159.903283200016;19159.978035200005;19159.910604800014;19159.92524800001;19159.902771200013;19159.88131840002;19159.948748800012;19159.873996800023;19159.93256960001;19159.94091520001;19159.902771200013;19159.947724800008;19159.970713600007;19159.94823680001;19159.977523200003;19159.970201600005;19160.0;19159.94091520001;19159.985356800004;19159.962368000004;19159.985356800004;19159.955558400008;19159.903795200018;19159.903283200016;19159.851520000026;19159.888128000017;19160.0;19159.9926784;19160.0;19160.0;19160.0;19159.985356800004;19159.955558400008;19159.985356800004;19159.977523200003;19159.955558400008;19159.92524800001;19159.866163200022;19159.895961600017;19159.85832960002;19159.851008000023;19159.985356800004;19159.93308160001;19159.970713600007;19160.0;19159.978035200005;
182.5905769943055;19159.902771200013;19159.978035200005;19159.89647360002;19159.910604800014;19159.903283200016;19159.978035200005;19159.910604800014;19159.92524800001;19159.902771200013;19159.88131840002;19159.948748800012;19159.873996800023;19159.93256960001;19159.94091520001;19159.902771200013;19159.947724800008;19159.970713600007;19159.94823680001;19159.977523200003;19159.970201600005;19160.0;19159.94091520001;19159.985356800004;19159.962368000004;19159.985356800004;19159.955558400008;19159.903795200018;19159.903283200016;19159.851520000026;19159.888128000017;19160.0;19159.9926784;19160.0;19160.0;19160.0;19159.985356800004;19159.955558400008;19159.985356800004;19159.977523200003;19159.955558400008;19159.92524800001;19159.866163200022;19159.895961600017;19159.85832960002;19159.851008000023;19159.985356800004;19159.93308160001;19159.970713600007;19160.0;19159.978035200005;
182.5905769943055;19159.902771200013;19159.978035200005;19159.89647360002;19159.910604800014;19159.903283200016;19159.978035200005;19159.910604800014;19159.92524800001;19159.902771200013;19159.88131840002;19159.948748800012;19159.873996800023;19159.93256960001;19159.94091520001;19159.902771200013;19159.947724800008;19159.970713600007;19159.94823680001;19159.977523200003;19159.970201600005;19160.0;19159.94091520001;19159.985356800004;19159.962368000004;19159.985356800004;19159.955558400008;19159.903795200018;19159.903283200016;19159.851520000026;19159.888128000017;19160.0;19159.9926784;19160.0;19160.0;19160.0;19159.970201600005;19159.955558400008;19159.985356800004;19159.977523200003;19159.955558400008;19159.92524800001;19159.866163200022;19159.895961600017;19159.85832960002;19159.851008000023;19159.985356800004;19159.93308160001;19159.970713600007;19160.0;19159.978035200005;
182.59257770813136;19159.902771200013;19159.978035200005;19159.89647360002;19159.910604800014;19159.903283200016;19159.978035200005;19159.910604800014;19159.92524800001;19159.902771200013;19159.88131840002;19159.948748800012;19159.873996800023;19159.93256960001;19159.94091520001;19159.902771200013;19159.947724800008;19159.970713600007;19159.94823680001;19159.977523200003;19159.970201600005;19160.0;19159.94091520001;19159.985356800004;19159.962368000004;19159.985356800004;19159.955558400008;19159.903795200018;19159.903283200016;19159.851520000026;19159.888128000017;19160.0;19159.9926784;19160.0;19160.0;19160.0;19159.970201600005;19159.955558400008;19159.985356800004;19159.977523200003;19159.955558400008;19159.92524800001;19159.866163200022;19159.895961600017;19159.85832960002;19159.851008000023;19159.985356800004;19159.93308160001;19159.970713600007;19160.0;19159.978035200005;
182.59257770813136;19159.902771200013;19159.978035200005;19159.89647360002;19159.910604800014;19159.903283200016;19159.978035200005;19159.910604800014;19159.92524800001;19159.902771200013;19159.88131840002;19159.948748800012;19159.873996800023;19159.93256960001;19159.94091520001;19159.902771200013;19159.947724800008;19159.970713600007;19159.94823680001;19159.977523200003;19159.970201600005;19160.0;19159.94091520001;19159.970201600005;19159.962368000004;19159.985356800004;19159.955558400008;19159.903795200018;19159.903283200016;19159.851520000026;19159.888128000017;19160.0;19159.9926784;19160.0;19160.0;19160.0;19159.970201600005;19159.955558400008;19159.985356800004;19159.977523200003;19159.955558400008;19159.92524800001;19159.866163200022;19159.895961600017;19159.85832960002;19159.851008000023;19159.985356800004;19159.93308160001;19159.970713600007;19160.0;19159.978035200005;
182.60657757165185;19159.902771200013;19159.978035200005;19159.89647360002;19159.910604800014;19159.903283200016;19159.978035200005;19159.910604800014;19159.92524800001;19159.902771200013;19159.88131840002;19159.948748800012;19159.873996800023;19159.93256960001;19159.94091520001;19159.902771200013;19159.947724800008;19159.970713600007;19159.94823680001;19159.977523200003;19159.970201600005;19160.0;19159.94091520001;19159.970201600005;19159.962368000004;19159.985356800004;19159.955558400008;19159.903795200018;19159.903283200016;19159.851520000026;19159.888128000017;19160.0;19159.9926784;19160.0;19160.0;19160.0;19159.970201600005;19159.955558400008;19159.985356800004;19159.977523200003;19159.955558400008;19159.92524800001;19159.866163200022;19159.895961600017;19159.85832960002;19159.851008000023;19159.985356800004;19159.93308160001;19159.970713600007;19160.0;19159.978035200005;
182.60657757165185;19159.902771200013;19159.978035200005;19159.89647360002;19159.910604800014;19159.903283200016;19159.978035200005;19159.910604800014;19159.92524800001;19159.902771200013;19159.88131840002;19159.948748800012;19159.873996800023;19159.93256960001;19159.94091520001;19159.902771200013;19159.947724800008;19159.970713600007;19159.94823680001;19159.977523200003;19159.970201600005;19160.0;19159.94091520001;19159.970201600005;19159.962368000004;19159.985356800004;19159.955558400008;19159.903795200018;19159.903283200016;19159.851520000026;19159.888128000017;19160.0;19159.9926784;19160.0;19160.0;19160.0;19159.970201600005;19159.94040320001;19159.985356800004;19159.977523200003;19159.955558400008;19159.92524800001;19159.866163200022;19159.895961600017;19159.85832960002;19159.851008000023;19159.985356800004;19159.93308160001;19159.970713600007;19160.0;19159.978035200005;
182.71245389073584;19159.902771200013;19159.978035200005;19159.89647360002;19159.910604800014;19159.903283200016;19159.978035200005;19159.910604800014;19159.92524800001;19159.902771200013;19159.88131840002;19159.948748800012;19159.873996800023;19159.93256960001;19159.94091520001;19159.902771200013;19159.947724800008;19159.970713600007;19159.94823680001;19159.977523200003;19159.970201600005;19160.0;19159.94091520001;19159.970201600005;19159.962368000004;19159.985356800004;19159.955558400008;19159.903795200018;19159.903283200016;19159.851520000026;19159.888128000017;19160.0;19159.9926784;19160.0;19160.0;19160.0;19159.970201600005;19159.94040320001;19159.985356800004;19159.977523200003;19159.955558400008;19159.92524800001;19159.866163200022;19159.895961600017;19159.85832960002;19159.851008000023;19159.985356800004;19159.93308160001;19159.970713600007;19160.0;19159.978035200005;
183.75870021570563;19159.902771200013;19159.978035200005;19159.89647360002;19159.910604800014;19159.903283200016;19159.978035200005;19159.910604800014;19159.92524800001;19159.902771200013;19159.88131840002;19159.948748800012;19159.873996800023;19159.93256960001;19159.94091520001;19159.902771200013;19159.947724800008;19159.970713600007;19159.94823680001;19159.977523200003;19159.970201600005;19160.0;19159.94091520001;19159.970201600005;19159.955046400006;19159.985356800004;19159.955558400008;19159.903795200018;19159.903283200016;19159.851520000026;19159.888128000017;19160.0;19159.9926784;19160.0;19160.0;19159.9926784;19159.970201600005;19159.94040320001;19159.985356800004;19159.977523200003;19159.955558400008;19159.92524800001;19159.866163200022;19159.895961600017;19159.85832960002;19159.851008000023;19159.985356800004;19159.93308160001;19159.970713600007;19160.0;19159.978035200005;
183.76070092953148;19159.902771200013;19159.978035200005;19159.89647360002;19159.910604800014;19159.903283200016;19159.978035200005;19159.910604800014;19159.92524800001;19159.902771200013;19159.88131840002;19159.948748800012;19159.873996800023;19159.93256960001;19159.94091520001;19159.902771200013;19159.947724800008;19159.970713600007;19159.94823680001;19159.977523200003;19159.970201600005;19159.9926784;19159.94091520001;19159.970201600005;19159.947724800008;19159.985356800004;19159.955558400008;19159.903795200018;19159.903283200016;19159.851520000026;19159.888128000017;19159.9926784;19159.9926784;19160.0;19160.0;19159.9926784;19159.970201600005;19159.94040320001;19159.985356800004;19159.977523200003;19159.955558400008;19159.92524800001;19159.866163200022;19159.895961600017;19159.85832960002;19159.851008000023;19159.985356800004;19159.93308160001;19159.970713600007;19160.0;19159.978035200005;
183.77470079305198;19159.902771200013;19159.978035200005;19159.89647360002;19159.910604800014;19159.903283200016;19159.978035200005;19159.910604800014;19159.92524800001;19159.902771200013;19159.88131840002;19159.948748800012;19159.873996800023;19159.93256960001;19159.94091520001;19159.902771200013;19159.947724800008;19159.970713600007;19159.94823680001;19159.977523200003;19159.962880000006;19159.9926784;19159.94091520001;19159.970201600005;19159.94040320001;19159.985356800004;19159.955558400008;19159.903795200018;19159.903283200016;19159.851520000026;19159.888128000017;19159.9926784;19159.9926784;19160.0;19160.0;19159.9926784;19159.970201600005;19159.94040320001;19159.985356800004;19159.970201600005;19159.955558400008;19159.92524800001;19159.866163200022;19159.895961600017;19159.85832960002;19159.851008000023;19159.985356800004;19159.93308160001;19159.970713600007;19160.0;19159.978035200005;
183.9246947888971;19159.902771200013;19159.978035200005;19159.89647360002;19159.910604800014;19159.903283200016;19159.978035200005;19159.910604800014;19159.92524800001;19159.902771200013;19159.88131840002;19159.948748800012;19159.873996800023;19159.93256960001;19159.94091520001;19159.902771200013;19159.947724800008;19159.970713600007;19159.94823680001;19159.977523200003;19159.962880000006;19159.9926784;19159.94091520001;19159.970201600005;19159.94040320001;19159.985356800004;19159.955558400008;19159.903795200018;19159.903283200016;19159.851520000026;19159.888128000017;19159.9926784;19159.9926784;19160.0;19160.0;19159.9926784;19159.970201600005;19159.94040320001;19159.985356800004;19159.970201600005;19159.955558400008;19159.92524800001;19159.866163200022;19159.895961600017;19159.85832960002;19159.851008000023;19159.985356800004;19159.93308160001;19159.970713600007;19160.0;19159.978035200005;
187.63396132999037;19159.902771200013;19159.978035200005;19159.89647360002;19159.910604800014;19159.903283200016;19159.978035200005;19159.910604800014;19159.92524800001;19159.902771200013;19159.88131840002;19159.948748800012;19159.873996800023;19159.93256960001;19159.94091520001;19159.902771200013;19159.947724800008;19159.970713600007;19159.94823680001;19159.977523200003;19159.962880000006;19159.9926784;19159.94091520001;19159.970201600005;19159.94040320001;19159.985356800004;19159.955558400008;19159.903795200018;19159.903283200016;19159.851520000026;19159.888128000017;19159.9926784;19159.9926784;19160.0;19160.0;19159.9926784;19159.970201600005;19159.94040320001;19159.985356800004;19159.970201600005;19159.955558400008;19159.92524800001;19159.866163200022;19159.895961600017;19159.85832960002;19159.851008000023;19159.985356800004;19159.93308160001;19159.970713600007;19160.0;19159.978035200005;
187.65596239278406;19159.902771200013;19159.978035200005;19159.89647360002;19159.910604800014;19159.903283200016;19159.978035200005;19159.910604800014;19159.92524800001;19159.902771200013;19159.88131840002;19159.948748800012;19159.873996800023;19159.93256960001;19159.94091520001;19159.902771200013;19159.947724800008;19159.970713600007;19159.94823680001;19159.977523200003;19159.962880000006;19159.9926784;19159.94091520001;19159.970201600005;19159.94040320001;19159.985356800004;19159.955558400008;19159.903795200018;19159.903283200016;19159.851520000026;19159.888128000017;19159.9926784;19159.9926784;19160.0;19160.0;19159.9926784;19159.970201600005;19159.94040320001;19159.985356800004;19159.970201600005;19159.955558400008;19159.92524800001;19159.866163200022;19159.895961600017;19159.85832960002;19159.851008000023;19159.985356800004;19159.93308160001;19159.970713600007;19160.0;19159.978035200005;
188.82408561418418;19159.902771200013;19159.978035200005;19159.89647360002;19159.910604800014;19159.903283200016;19159.978035200005;19159.910604800014;19159.92524800001;19159.902771200013;19159.88131840002;19159.948748800012;19159.873996800023;19159.93256960001;19159.94091520001;19159.902771200013;19159.947724800008;19159.970713600007;19159.94823680001;19159.977523200003;19159.962880000006;19159.9926784;19159.94091520001;19159.970201600005;19159.94040320001;19159.985356800004;19159.955558400008;19159.903795200018;19159.903283200016;19159.851520000026;19159.888128000017;19159.9926784;19159.9926784;19160.0;19160.0;19159.9926784;19159.970201600005;19159.94040320001;19159.985356800004;19159.970201600005;19159.955558400008;19159.92524800001;19159.866163200022;19159.895961600017;19159.85832960002;19159.851008000023;19159.985356800004;19159.93308160001;19159.970713600007;19160.0;19159.978035200005;
189.89431561526578;19159.902771200013;19159.978035200005;19159.89647360002;19159.910604800014;19159.903283200016;19159.978035200005;19159.910604800014;19159.92524800001;19159.902771200013;19159.88131840002;19159.948748800012;19159.873996800023;19159.93256960001;19159.94091520001;19159.902771200013;19159.947724800008;19159.970713600007;19159.94823680001;19159.977523200003;19159.962880000006;19159.9926784;19159.94091520001;19159.970201600005;19159.94040320001;19159.985356800004;19159.955558400008;19159.903795200018;19159.903283200016;19159.851520000026;19159.888128000017;19159.9926784;19159.9926784;19160.0;19160.0;19159.9926784;19159.970201600005;19159.94040320001;19159.985356800004;19159.970201600005;19159.955558400008;19159.92524800001;19159.866163200022;19159.895961600017;19159.85832960002;19159.851008000023;19159.985356800004;19159.93308160001;19159.970713600007;19160.0;19159.978035200005;
189.89831510819477;19159.902771200013;19159.978035200005;19159.89647360002;19159.910604800014;19159.903283200016;19159.978035200005;19159.910604800014;19159.92524800001;19159.902771200013;19159.88131840002;19159.948748800012;19159.873996800023;19159.93256960001;19159.94091520001;19159.902771200013;19159.947724800008;19159.970713600007;19159.94823680001;19159.977523200003;19159.962880000006;19159.9926784;19159.94091520001;19159.970201600005;19159.94040320001;19159.985356800004;19159.955558400008;19159.903795200018;19159.903283200016;19159.851520000026;19159.888128000017;19159.9926784;19159.9926784;19160.0;19160.0;19159.9926784;19159.970201600005;19159.94040320001;19159.985356800004;19159.970201600005;19159.955558400008;19159.92524800001;19159.866163200022;19159.895961600017;19159.85832960002;19159.851008000023;19159.985356800004;19159.93308160001;19159.970713600007;19160.0;19159.978035200005;
192.36756707519828;19159.902771200013;19159.978035200005;19159.89647360002;19159.910604800014;19159.903283200016;19159.978035200005;19159.910604800014;19159.92524800001;19159.902771200013;19159.88131840002;19159.948748800012;19159.873996800023;19159.93256960001;19159.94091520001;19159.902771200013;19159.947724800008;19159.970713600007;19159.94823680001;19159.977523200003;19159.962880000006;19159.9926784;19159.94091520001;19159.970201600005;19159.94040320001;19159.985356800004;19159.955558400008;19159.903795200018;19159.903283200016;19159.851520000026;19159.888128000017;19159.9926784;19159.9926784;19160.0;19160.0;19159.9926784;19159.970201600005;19159.94040320001;19159.985356800004;19159.970201600005;19159.955558400008;19159.92524800001;19159.866163200022;19159.895961600017;19159.85832960002;19159.851008000023;19159.985356800004;19159.93308160001;19159.970713600007;19160.0;19159.978035200005;
192.54856599141618;19159.902771200013;19159.978035200005;19159.89647360002;19159.910604800014;19159.903283200016;19159.978035200005;19159.910604800014;19159.92524800001;19159.902771200013;19159.88131840002;19159.948748800012;19159.873996800023;19159.93256960001;19159.94091520001;19159.902771200013;19159.947724800008;19159.970713600007;19159.94823680001;19159.977523200003;19159.962880000006;19159.9926784;19159.94091520001;19159.970201600005;19159.94040320001;19159.985356800004;19159.955558400008;19159.903795200018;19159.903283200016;19159.851520000026;19159.888128000017;19159.9926784;19159.9926784;19160.0;19160.0;19159.9926784;19159.970201600005;19159.94040320001;19159.985356800004;19159.970201600005;19159.955558400008;19159.92524800001;19159.866163200022;19159.895961600017;19159.85832960002;19159.851008000023;19159.985356800004;19159.93308160001;19159.970713600007;19160.0;19159.978035200005;
192.5515657396014;19159.902771200013;19159.978035200005;19159.89647360002;19159.910604800014;19159.903283200016;19159.978035200005;19159.910604800014;19159.92524800001;19159.902771200013;19159.88131840002;19159.948748800012;19159.873996800023;19159.93256960001;19159.94091520001;19159.902771200013;19159.947724800008;19159.970713600007;19159.94823680001;19159.977523200003;19159.962880000006;19159.9926784;19159.94091520001;19159.970201600005;19159.94040320001;19159.985356800004;19159.955558400008;19159.903795200018;19159.903283200016;19159.851520000026;19159.888128000017;19159.9926784;19159.9926784;19160.0;19160.0;19159.9926784;19159.970201600005;19159.94040320001;19159.985356800004;19159.970201600005;19159.955558400008;19159.92524800001;19159.866163200022;19159.895961600017;19159.85832960002;19159.851008000023;19159.985356800004;19159.93308160001;19159.970713600007;19160.0;19159.978035200005;
193.71668921281628;19159.902771200013;19159.978035200005;19159.89647360002;19159.910604800014;19159.903283200016;19159.978035200005;19159.910604800014;19159.92524800001;19159.902771200013;19159.88131840002;19159.948748800012;19159.873996800023;19159.93256960001;19159.94091520001;19159.902771200013;19159.947724800008;19159.970713600007;19159.94823680001;19159.977523200003;19159.962880000006;19159.9926784;19159.94091520001;19159.970201600005;19159.94040320001;19159.985356800004;19159.955558400008;19159.903795200018;19159.903283200016;19159.851520000026;19159.888128000017;19159.9926784;19159.9926784;19160.0;19160.0;19159.9926784;19159.970201600005;19159.94040320001;19159.985356800004;19159.970201600005;19159.955558400008;19159.92524800001;19159.866163200022;19159.895961600017;19159.85832960002;19159.851008000023;19159.985356800004;19159.93308160001;19159.970713600007;19160.0;19159.978035200005;
193.71669185896639;19159.902771200013;19159.978035200005;19159.89647360002;19159.910604800014;19159.903283200016;19159.978035200005;19159.910604800014;19159.92524800001;19159.902771200013;19159.88131840002;19159.948748800012;19159.873996800023;19159.93256960001;19159.94091520001;19159.902771200013;19159.947724800008;19159.970713600007;19159.94823680001;19159.977523200003;19159.962880000006;19159.9926784;19159.94091520001;19159.970201600005;19159.94040320001;19159.985356800004;19159.955558400008;19159.903795200018;19159.903283200016;19159.851520000026;19159.888128000017;19159.9926784;19159.9926784;19160.0;19160.0;19159.9926784;19159.970201600005;19159.94040320001;19159.985356800004;19159.970201600005;19159.955558400008;19159.92524800001;19159.866163200022;19159.895961600017;19159.85832960002;19159.851008000023;19159.985356800004;19159.93308160001;19159.970713600007;19160.0;19159.978035200005;
193.71968896100148;19159.902771200013;19159.978035200005;19159.89647360002;19159.910604800014;19159.903283200016;19159.978035200005;19159.910604800014;19159.92524800001;19159.902771200013;19159.88131840002;19159.948748800012;19159.873996800023;19159.93256960001;19159.94091520001;19159.902771200013;19159.947724800008;19159.970713600007;19159.94823680001;19159.977523200003;19159.962880000006;19159.9926784;19159.94091520001;19159.970201600005;19159.94040320001;19159.985356800004;19159.955558400008;19159.903795200018;19159.903283200016;19159.851520000026;19159.888128000017;19159.9926784;19159.9926784;19160.0;19160.0;19159.9926784;19159.970201600005;19159.94040320001;19159.985356800004;19159.970201600005;19159.955558400008;19159.92524800001;19159.866163200022;19159.895961600017;19159.85832960002;19159.851008000023;19159.985356800004;19159.93308160001;19159.970713600007;19160.0;19159.978035200005;
194.98570566361974;19159.902771200013;19159.978035200005;19159.89647360002;19159.910604800014;19159.903283200016;19159.978035200005;19159.910604800014;19159.92524800001;19159.902771200013;19159.88131840002;19159.948748800012;19159.873996800023;19159.93256960001;19159.94091520001;19159.902771200013;19159.947724800008;19159.970713600007;19159.94823680001;19159.977523200003;19159.962880000006;19159.9926784;19159.94091520001;19159.970201600005;19159.94040320001;19159.985356800004;19159.955558400008;19159.903795200018;19159.903283200016;19159.851520000026;19159.888128000017;19159.9926784;19159.9926784;19160.0;19160.0;19159.9926784;19159.970201600005;19159.94040320001;19159.985356800004;19159.970201600005;19159.955558400008;19159.92524800001;19159.866163200022;19159.895961600017;19159.85832960002;19159.851008000023;19159.985356800004;19159.93308160001;19159.970713600007;19160.0;19159.978035200005;
194.99970587016986;19159.902771200013;19159.978035200005;19159.89647360002;19159.910604800014;19159.903283200016;19159.978035200005;19159.910604800014;19159.92524800001;19159.902771200013;19159.88131840002;19159.948748800012;19159.873996800023;19159.93256960001;19159.94091520001;19159.902771200013;19159.947724800008;19159.970713600007;19159.94823680001;19159.977523200003;19159.962880000006;19159.9926784;19159.94091520001;19159.970201600005;19159.94040320001;19159.985356800004;19159.955558400008;19159.903795200018;19159.903283200016;19159.851520000026;19159.888128000017;19159.9926784;19159.9926784;19160.0;19160.0;19159.9926784;19159.970201600005;19159.94040320001;19159.985356800004;19159.970201600005;19159.955558400008;19159.92524800001;19159.866163200022;19159.895961600017;19159.85832960002;19159.851008000023;19159.985356800004;19159.93308160001;19159.970713600007;19160.0;19159.978035200005;
195.0027044208382;19159.902771200013;19159.978035200005;19159.89647360002;19159.910604800014;19159.903283200016;19159.978035200005;19159.910604800014;19159.92524800001;19159.902771200013;19159.88131840002;19159.948748800012;19159.873996800023;19159.93256960001;19159.94091520001;19159.902771200013;19159.947724800008;19159.970713600007;19159.94823680001;19159.977523200003;19159.962880000006;19159.9926784;19159.94091520001;19159.970201600005;19159.94040320001;19159.985356800004;19159.955558400008;19159.903795200018;19159.903283200016;19159.851520000026;19159.888128000017;19159.9926784;19159.9926784;19160.0;19160.0;19159.9926784;19159.970201600005;19159.94040320001;19159.985356800004;19159.970201600005;19159.955558400008;19159.92524800001;19159.866163200022;19159.895961600017;19159.85832960002;19159.851008000023;19159.985356800004;19159.93308160001;19159.970713600007;19160.0;19159.978035200005;
195.0307055123913;19159.902771200013;19159.978035200005;19159.89647360002;19159.910604800014;19159.903283200016;19159.978035200005;19159.910604800014;19159.92524800001;19159.902771200013;19159.88131840002;19159.948748800012;19159.873996800023;19159.93256960001;19159.94091520001;19159.902771200013;19159.947724800008;19159.970713600007;19159.94823680001;19159.977523200003;19159.962880000006;19159.9926784;19159.94091520001;19159.970201600005;19159.94040320001;19159.985356800004;19159.955558400008;19159.903795200018;19159.903283200016;19159.851520000026;19159.888128000017;19159.9926784;19159.9926784;19160.0;19160.0;19159.9926784;19159.970201600005;19159.94040320001;19159.985356800004;19159.970201600005;19159.955558400008;19159.92524800001;19159.866163200022;19159.895961600017;19159.85832960002;19159.851008000023;19159.985356800004;19159.93308160001;19159.970713600007;19160.0;19159.978035200005;
196.15382888501986;19159.902771200013;19159.978035200005;19159.89647360002;19159.910604800014;19159.903283200016;19159.978035200005;19159.910604800014;19159.92524800001;19159.902771200013;19159.88131840002;19159.948748800012;19159.873996800023;19159.93256960001;19159.94091520001;19159.902771200013;19159.947724800008;19159.970713600007;19159.94823680001;19159.977523200003;19159.962880000006;19159.9926784;19159.94091520001;19159.970201600005;19159.94040320001;19159.985356800004;19159.955558400008;19159.903795200018;19159.903283200016;19159.851520000026;19159.888128000017;19159.9926784;19159.9926784;19160.0;19160.0;19159.9926784;19159.970201600005;19159.94040320001;19159.985356800004;19159.970201600005;19159.955558400008;19159.92524800001;19159.866163200022;19159.895961600017;19159.85832960002;19159.851008000023;19159.985356800004;19159.93308160001;19159.970713600007;19160.0;19159.978035200005;
196.16782909156996;19159.902771200013;19159.978035200005;19159.89647360002;19159.910604800014;19159.903283200016;19159.978035200005;19159.910604800014;19159.92524800001;19159.902771200013;19159.88131840002;19159.948748800012;19159.873996800023;19159.93256960001;19159.94091520001;19159.902771200013;19159.947724800008;19159.970713600007;19159.94823680001;19159.977523200003;19159.962880000006;19159.9926784;19159.94091520001;19159.970201600005;19159.94040320001;19159.985356800004;19159.955558400008;19159.903795200018;19159.903283200016;19159.851520000026;19159.888128000017;19159.9926784;19159.9926784;19160.0;19160.0;19159.9926784;19159.970201600005;19159.94040320001;19159.985356800004;19159.970201600005;19159.955558400008;19159.92524800001;19159.866163200022;19159.895961600017;19159.85832960002;19159.851008000023;19159.985356800004;19159.93308160001;19159.970713600007;19160.0;19159.978035200005;
196.1708276422383;19159.902771200013;19159.978035200005;19159.89647360002;19159.910604800014;19159.903283200016;19159.978035200005;19159.910604800014;19159.92524800001;19159.902771200013;19159.88131840002;19159.948748800012;19159.873996800023;19159.93256960001;19159.94091520001;19159.902771200013;19159.947724800008;19159.970713600007;19159.94823680001;19159.977523200003;19159.962880000006;19159.9926784;19159.94091520001;19159.970201600005;19159.94040320001;19159.985356800004;19159.955558400008;19159.903795200018;19159.903283200016;19159.851520000026;19159.888128000017;19159.9926784;19159.9926784;19160.0;19160.0;19159.9926784;19159.970201600005;19159.94040320001;19159.985356800004;19159.970201600005;19159.955558400008;19159.92524800001;19159.866163200022;19159.895961600017;19159.85832960002;19159.851008000023;19159.985356800004;19159.93308160001;19159.970713600007;19160.0;19159.978035200005;
196.1988287337914;19159.902771200013;19159.978035200005;19159.89647360002;19159.910604800014;19159.903283200016;19159.978035200005;19159.910604800014;19159.92524800001;19159.902771200013;19159.88131840002;19159.948748800012;19159.873996800023;19159.93256960001;19159.94091520001;19159.902771200013;19159.947724800008;19159.970713600007;19159.94823680001;19159.977523200003;19159.962880000006;19159.9926784;19159.94091520001;19159.970201600005;19159.94040320001;19159.985356800004;19159.955558400008;19159.903795200018;19159.903283200016;19159.851520000026;19159.888128000017;19159.9926784;19159.9926784;19160.0;19160.0;19159.9926784;19159.970201600005;19159.94040320001;19159.985356800004;19159.970201600005;19159.955558400008;19159.92524800001;19159.866163200022;19159.895961600017;19159.85832960002;19159.851008000023;19159.985356800004;19159.93308160001;19159.970713600007;19160.0;19159.978035200005;
198.66518146807115;19159.902771200013;19159.978035200005;19159.89647360002;19159.910604800014;19159.903283200016;19159.978035200005;19159.910604800014;19159.92524800001;19159.902771200013;19159.88131840002;19159.948748800012;19159.873996800023;19159.93256960001;19159.94091520001;19159.902771200013;19159.947724800008;19159.970713600007;19159.94823680001;19159.977523200003;19159.962880000006;19159.9926784;19159.94091520001;19159.970201600005;19159.94040320001;19159.985356800004;19159.955558400008;19159.903795200018;19159.903283200016;19159.851520000026;19159.888128000017;19159.9926784;19159.9926784;19160.0;19160.0;19159.9926784;19159.970201600005;19159.94040320001;19159.985356800004;19159.970201600005;19159.955558400008;19159.92524800001;19159.866163200022;19159.895961600017;19159.85832960002;19159.851008000023;19159.985356800004;19159.93308160001;19159.970713600007;19160.0;19159.978035200005;
198.67018126617916;19159.902771200013;19159.978035200005;19159.89647360002;19159.910604800014;19159.903283200016;19159.978035200005;19159.910604800014;19159.92524800001;19159.902771200013;19159.88131840002;19159.948748800012;19159.873996800023;19159.93256960001;19159.94091520001;19159.902771200013;19159.947724800008;19159.970713600007;19159.94823680001;19159.977523200003;19159.962880000006;19159.9926784;19159.94091520001;19159.970201600005;19159.94040320001;19159.985356800004;19159.955558400008;19159.903795200018;19159.903283200016;19159.851520000026;19159.888128000017;19159.9926784;19159.9926784;19160.0;19160.0;19159.9926784;19159.970201600005;19159.94040320001;19159.985356800004;19159.970201600005;19159.955558400008;19159.92524800001;19159.866163200022;19159.895961600017;19159.85832960002;19159.851008000023;19159.985356800004;19159.93308160001;19159.970713600007;19160.0;19159.978035200005;
198.6841796507186;19159.902771200013;19159.978035200005;19159.89647360002;19159.910604800014;19159.903283200016;19159.978035200005;19159.910604800014;19159.92524800001;19159.902771200013;19159.88131840002;19159.948748800012;19159.873996800023;19159.93256960001;19159.94091520001;19159.902771200013;19159.947724800008;19159.970713600007;19159.94823680001;19159.977523200003;19159.962880000006;19159.9926784;19159.94091520001;19159.970201600005;19159.94040320001;19159.985356800004;19159.955558400008;19159.903795200018;19159.903283200016;19159.851520000026;19159.888128000017;19159.9926784;19159.9926784;19160.0;19160.0;19159.9926784;19159.970201600005;19159.94040320001;19159.985356800004;19159.970201600005;19159.955558400008;19159.92524800001;19159.866163200022;19159.895961600017;19159.85832960002;19159.851008000023;19159.985356800004;19159.93308160001;19159.970713600007;19160.0;19159.978035200005;
199.83330468947128;19159.902771200013;19159.978035200005;19159.89647360002;19159.910604800014;19159.903283200016;19159.978035200005;19159.910604800014;19159.92524800001;19159.902771200013;19159.88131840002;19159.948748800012;19159.873996800023;19159.93256960001;19159.94091520001;19159.902771200013;19159.947724800008;19159.970713600007;19159.94823680001;19159.977523200003;19159.962880000006;19159.9926784;19159.94091520001;19159.970201600005;19159.94040320001;19159.985356800004;19159.955558400008;19159.903795200018;19159.903283200016;19159.851520000026;19159.888128000017;19159.9926784;19159.9926784;19160.0;19160.0;19159.9926784;19159.970201600005;19159.94040320001;19159.985356800004;19159.970201600005;19159.955558400008;19159.92524800001;19159.866163200022;19159.895961600017;19159.85832960002;19159.851008000023;19159.985356800004;19159.93308160001;19159.970713600007;19160.0;19159.978035200005;
199.83830448757928;19159.902771200013;19159.978035200005;19159.89647360002;19159.910604800014;19159.903283200016;19159.978035200005;19159.910604800014;19159.92524800001;19159.902771200013;19159.88131840002;19159.948748800012;19159.873996800023;19159.93256960001;19159.94091520001;19159.902771200013;19159.947724800008;19159.970713600007;19159.94823680001;19159.977523200003;19159.962880000006;19159.9926784;19159.94091520001;19159.970201600005;19159.94040320001;19159.985356800004;19159.955558400008;19159.903795200018;19159.903283200016;19159.851520000026;19159.888128000017;19159.9926784;19159.9926784;19160.0;19160.0;19159.9926784;19159.970201600005;19159.94040320001;19159.985356800004;19159.970201600005;19159.955558400008;19159.92524800001;19159.866163200022;19159.895961600017;19159.85832960002;19159.851008000023;19159.985356800004;19159.93308160001;19159.970713600007;19160.0;19159.978035200005;
199.8523028721187;19159.902771200013;19159.978035200005;19159.89647360002;19159.910604800014;19159.903283200016;19159.978035200005;19159.910604800014;19159.92524800001;19159.902771200013;19159.88131840002;19159.948748800012;19159.873996800023;19159.93256960001;19159.94091520001;19159.902771200013;19159.947724800008;19159.970713600007;19159.94823680001;19159.977523200003;19159.962880000006;19159.9926784;19159.94091520001;19159.970201600005;19159.94040320001;19159.985356800004;19159.955558400008;19159.903795200018;19159.903283200016;19159.851520000026;19159.888128000017;19159.9926784;19159.9926784;19160.0;19160.0;19159.9926784;19159.970201600005;19159.94040320001;19159.985356800004;19159.970201600005;19159.955558400008;19159.92524800001;19159.866163200022;19159.895961600017;19159.85832960002;19159.851008000023;19159.985356800004;19159.93308160001;19159.970713600007;19160.0;19159.978035200005;
210.00333333333333;19159.902771200013;19159.978035200005;19159.89647360002;19159.910604800014;19159.903283200016;19159.978035200005;19159.910604800014;19159.92524800001;19159.902771200013;19159.88131840002;19159.948748800012;19159.873996800023;19159.93256960001;19159.94091520001;19159.902771200013;19159.947724800008;19159.970713600007;19159.94823680001;19159.977523200003;19159.962880000006;19159.9926784;19159.94091520001;19159.970201600005;19159.94040320001;19159.985356800004;19159.955558400008;19159.903795200018;19159.903283200016;19159.851520000026;19159.888128000017;19159.9926784;19159.9926784;19160.0;19160.0;19159.9926784;19159.970201600005;19159.94040320001;19159.985356800004;19159.970201600005;19159.955558400008;19159.92524800001;19159.866163200022;19159.895961600017;19159.85832960002;19159.851008000023;19159.985356800004;19159.93308160001;19159.970713600007;19160.0;19159.978035200005;
212.50458240985017;19159.902771200013;19159.978035200005;19159.89647360002;19159.910604800014;19159.903283200016;19159.978035200005;19159.910604800014;19159.92524800001;19159.902771200013;19159.88131840002;19159.948748800012;19159.873996800023;19159.93256960001;19159.94091520001;19159.902771200013;19159.947724800008;19159.970713600007;19159.94823680001;19159.977523200003;19159.962880000006;19159.9926784;19159.94091520001;19159.970201600005;19159.94040320001;19159.985356800004;19159.955558400008;19159.903795200018;19159.903283200016;19159.851520000026;19159.888128000017;19159.9926784;19159.9926784;19160.0;19160.0;19159.9926784;19159.970201600005;19159.94040320001;19159.985356800004;19159.970201600005;19159.955558400008;19159.92524800001;19159.866163200022;19159.895961600017;19159.85832960002;19159.851008000023;19159.985356800004;19159.93308160001;19159.970713600007;19160.0;19159.978035200005;
212.52758428255765;19159.902771200013;19159.978035200005;19159.89647360002;19159.910604800014;19159.903283200016;19159.978035200005;19159.910604800014;19159.92524800001;19159.902771200013;19159.88131840002;19159.948748800012;19159.873996800023;19159.93256960001;19159.94091520001;19159.902771200013;19159.947724800008;19159.970713600007;19159.94823680001;19159.977523200003;19159.962880000006;19159.9926784;19159.94091520001;19159.970201600005;19159.94040320001;19159.985356800004;19159.955558400008;19159.903795200018;19159.903283200016;19159.851520000026;19159.888128000017;19159.9926784;19159.9926784;19160.0;19160.0;19159.9926784;19159.970201600005;19159.94040320001;19159.985356800004;19159.970201600005;19159.955558400008;19159.92524800001;19159.866163200022;19159.895961600017;19159.85832960002;19159.851008000023;19159.985356800004;19159.93308160001;19159.970713600007;19160.0;19159.978035200005;
212.59057699430545;19159.902771200013;19159.978035200005;19159.89647360002;19159.910604800014;19159.903283200016;19159.978035200005;19159.910604800014;19159.92524800001;19159.902771200013;19159.88131840002;19159.948748800012;19159.873996800023;19159.93256960001;19159.94091520001;19159.902771200013;19159.947724800008;19159.970713600007;19159.94823680001;19159.977523200003;19159.962880000006;19159.9926784;19159.94091520001;19159.970201600005;19159.94040320001;19159.985356800004;19159.955558400008;19159.903795200018;19159.903283200016;19159.851520000026;19159.888128000017;19159.9926784;19159.9926784;19160.0;19160.0;19159.9926784;19159.970201600005;19159.94040320001;19159.985356800004;19159.970201600005;19159.955558400008;19159.92524800001;19159.866163200022;19159.895961600017;19159.85832960002;19159.851008000023;19159.985356800004;19159.93308160001;19159.970713600007;19160.0;19159.978035200005;
212.5925777081313;19159.902771200013;19159.978035200005;19159.89647360002;19159.910604800014;19159.903283200016;19159.978035200005;19159.910604800014;19159.92524800001;19159.902771200013;19159.88131840002;19159.948748800012;19159.873996800023;19159.93256960001;19159.94091520001;19159.902771200013;19159.947724800008;19159.970713600007;19159.94823680001;19159.977523200003;19159.962880000006;19159.9926784;19159.94091520001;19159.970201600005;19159.94040320001;19159.985356800004;19159.955558400008;19159.903795200018;19159.903283200016;19159.851520000026;19159.888128000017;19159.9926784;19159.9926784;19160.0;19160.0;19159.9926784;19159.970201600005;19159.94040320001;19159.985356800004;19159.970201600005;19159.955558400008;19159.92524800001;19159.866163200022;19159.895961600017;19159.85832960002;19159.851008000023;19159.985356800004;19159.93308160001;19159.970713600007;19160.0;19159.978035200005;
212.6065775716518;19159.902771200013;19159.978035200005;19159.89647360002;19159.910604800014;19159.903283200016;19159.978035200005;19159.910604800014;19159.92524800001;19159.902771200013;19159.88131840002;19159.948748800012;19159.873996800023;19159.93256960001;19159.94091520001;19159.902771200013;19159.947724800008;19159.970713600007;19159.94823680001;19159.977523200003;19159.962880000006;19159.9926784;19159.94091520001;19159.970201600005;19159.94040320001;19159.985356800004;19159.955558400008;19159.903795200018;19159.903283200016;19159.851520000026;19159.888128000017;19159.9926784;19159.9926784;19160.0;19160.0;19159.9926784;19159.970201600005;19159.94040320001;19159.985356800004;19159.970201600005;19159.955558400008;19159.92524800001;19159.866163200022;19159.895961600017;19159.85832960002;19159.851008000023;19159.985356800004;19159.93308160001;19159.970713600007;19160.0;19159.978035200005;
212.6185861427481;19159.902771200013;19159.978035200005;19159.89647360002;19159.910604800014;19159.903283200016;19159.978035200005;19159.910604800014;19159.92524800001;19159.902771200013;19159.88131840002;19159.948748800012;19159.873996800023;19159.93256960001;19159.94091520001;19159.902771200013;19159.947724800008;19159.970713600007;19159.94823680001;19159.977523200003;19159.962880000006;19159.9926784;19159.94091520001;19159.970201600005;19159.94040320001;19159.985356800004;19159.955558400008;19159.903795200018;19159.903283200016;19159.851520000026;19159.888128000017;19159.9926784;19159.9926784;19160.0;19160.0;19159.9926784;19159.970201600005;19159.94040320001;19159.985356800004;19159.970201600005;19159.955558400008;19159.92524800001;19159.866163200022;19159.895961600017;19159.85832960002;19159.851008000023;19159.985356800004;19159.93308160001;19159.970713600007;19160.0;19159.978035200005;
212.6185861427481;19159.902771200013;19159.978035200005;19159.89647360002;19159.910604800014;19159.903283200016;19159.978035200005;19159.910604800014;19159.92524800001;19159.902771200013;19159.88131840002;19159.948748800012;19159.873996800023;19159.93256960001;19159.94091520001;19159.902771200013;19159.947724800008;19159.970713600007;19159.94823680001;19159.977523200003;19159.962880000006;19159.9926784;19159.94091520001;19159.970201600005;19159.94040320001;19159.985356800004;19159.955558400008;19159.903795200018;19159.903283200016;19159.851520000026;19159.888128000017;19159.9926784;19159.9926784;19160.0;19160.0;19159.9926784;19159.970201600005;19159.94040320001;19159.970201600005;19159.970201600005;19159.955558400008;19159.92524800001;19159.866163200022;19159.895961600017;19159.85832960002;19159.851008000023;19159.985356800004;19159.93308160001;19159.970713600007;19160.0;19159.978035200005;
212.9185861427481;19159.902771200013;19159.978035200005;19159.89647360002;19159.910604800014;19159.903283200016;19159.978035200005;19159.910604800014;19159.92524800001;19159.902771200013;19159.88131840002;19159.948748800012;19159.873996800023;19159.93256960001;19159.94091520001;19159.902771200013;19159.947724800008;19159.970713600007;19159.94823680001;19159.977523200003;19159.962880000006;19159.9926784;19159.94091520001;19159.970201600005;19159.94040320001;19159.985356800004;19159.955558400008;19159.903795200018;19159.903283200016;19159.851520000026;19159.888128000017;19159.9926784;19159.9926784;19160.0;19160.0;19159.9926784;19159.970201600005;19159.94040320001;19159.970201600005;19159.970201600005;19159.955558400008;19159.92524800001;19159.866163200022;19159.895961600017;19159.85832960002;19159.851008000023;19159.985356800004;19159.93308160001;19159.970713600007;19160.0;19159.978035200005;
213.75870021570557;19159.902771200013;19159.978035200005;19159.89647360002;19159.910604800014;19159.903283200016;19159.978035200005;19159.910604800014;19159.92524800001;19159.902771200013;19159.88131840002;19159.948748800012;19159.873996800023;19159.93256960001;19159.94091520001;19159.902771200013;19159.947724800008;19159.970713600007;19159.94823680001;19159.977523200003;19159.962880000006;19159.9926784;19159.94091520001;19159.970201600005;19159.94040320001;19159.985356800004;19159.955558400008;19159.903795200018;19159.903283200016;19159.851520000026;19159.888128000017;19159.9926784;19159.9926784;19160.0;19160.0;19159.9926784;19159.970201600005;19159.94040320001;19159.970201600005;19159.970201600005;19159.955558400008;19159.92524800001;19159.866163200022;19159.895961600017;19159.85832960002;19159.851008000023;19159.985356800004;19159.93308160001;19159.970713600007;19160.0;19159.978035200005;
213.76070092953142;19159.902771200013;19159.978035200005;19159.89647360002;19159.910604800014;19159.903283200016;19159.978035200005;19159.910604800014;19159.92524800001;19159.902771200013;19159.88131840002;19159.948748800012;19159.873996800023;19159.93256960001;19159.94091520001;19159.902771200013;19159.947724800008;19159.970713600007;19159.94823680001;19159.977523200003;19159.962880000006;19159.9926784;19159.94091520001;19159.970201600005;19159.94040320001;19159.985356800004;19159.955558400008;19159.903795200018;19159.903283200016;19159.851520000026;19159.888128000017;19159.9926784;19159.9926784;19160.0;19160.0;19159.9926784;19159.970201600005;19159.94040320001;19159.970201600005;19159.970201600005;19159.955558400008;19159.92524800001;19159.866163200022;19159.895961600017;19159.85832960002;19159.851008000023;19159.985356800004;19159.93308160001;19159.970713600007;19160.0;19159.978035200005;
213.77470079305192;19159.902771200013;19159.978035200005;19159.89647360002;19159.910604800014;19159.903283200016;19159.978035200005;19159.910604800014;19159.92524800001;19159.902771200013;19159.88131840002;19159.948748800012;19159.873996800023;19159.93256960001;19159.94091520001;19159.902771200013;19159.947724800008;19159.970713600007;19159.94823680001;19159.977523200003;19159.962880000006;19159.9926784;19159.94091520001;19159.970201600005;19159.94040320001;19159.985356800004;19159.955558400008;19159.903795200018;19159.903283200016;19159.851520000026;19159.888128000017;19159.9926784;19159.9926784;19160.0;19160.0;19159.9926784;19159.970201600005;19159.94040320001;19159.970201600005;19159.970201600005;19159.955558400008;19159.92524800001;19159.866163200022;19159.895961600017;19159.85832960002;19159.851008000023;19159.985356800004;19159.93308160001;19159.970713600007;19160.0;19159.978035200005;
213.7867093641482;19159.902771200013;19159.978035200005;19159.89647360002;19159.910604800014;19159.903283200016;19159.978035200005;19159.910604800014;19159.92524800001;19159.902771200013;19159.88131840002;19159.948748800012;19159.873996800023;19159.93256960001;19159.94091520001;19159.902771200013;19159.947724800008;19159.970713600007;19159.94823680001;19159.977523200003;19159.962880000006;19159.9926784;19159.94091520001;19159.970201600005;19159.94040320001;19159.985356800004;19159.955558400008;19159.903795200018;19159.903283200016;19159.851520000026;19159.888128000017;19159.9926784;19159.9926784;19160.0;19160.0;19159.9926784;19159.970201600005;19159.94040320001;19159.970201600005;19159.962880000006;19159.94823680001;19159.92524800001;19159.866163200022;19159.895961600017;19159.85832960002;19159.851008000023;19159.985356800004;19159.93308160001;19159.970713600007;19160.0;19159.978035200005;
213.82371111306256;19159.902771200013;19159.978035200005;19159.89647360002;19159.910604800014;19159.903283200016;19159.978035200005;19159.910604800014;19159.92524800001;19159.902771200013;19159.88131840002;19159.948748800012;19159.873996800023;19159.93256960001;19159.94091520001;19159.902771200013;19159.947724800008;19159.970713600007;19159.94823680001;19159.977523200003;19159.962880000006;19159.9926784;19159.94091520001;19159.970201600005;19159.94040320001;19159.985356800004;19159.955558400008;19159.903795200018;19159.903283200016;19159.851520000026;19159.888128000017;19159.9926784;19159.9926784;19160.0;19160.0;19159.9926784;19159.970201600005;19159.94040320001;19159.970201600005;19159.962880000006;19159.94823680001;19159.92524800001;19159.866163200022;19159.895961600017;19159.85832960002;19159.851008000023;19159.985356800004;19159.93308160001;19159.970713600007;19160.0;19159.978035200005;
213.82371111306256;19159.902771200013;19159.978035200005;19159.89647360002;19159.910604800014;19159.903283200016;19159.978035200005;19159.910604800014;19159.92524800001;19159.902771200013;19159.88131840002;19159.948748800012;19159.873996800023;19159.93256960001;19159.94091520001;19159.902771200013;19159.947724800008;19159.970713600007;19159.94823680001;19159.977523200003;19159.962880000006;19159.9926784;19159.94091520001;19159.970201600005;19159.94040320001;19159.985356800004;19159.955558400008;19159.903795200018;19159.903283200016;19159.851520000026;19159.888128000017;19159.9926784;19159.9926784;19160.0;19160.0;19159.9926784;19159.970201600005;19159.94040320001;19159.970201600005;19159.947724800008;19159.94823680001;19159.92524800001;19159.866163200022;19159.895961600017;19159.85832960002;19159.851008000023;19159.985356800004;19159.93308160001;19159.970713600007;19160.0;19159.978035200005;
213.83371041067943;19159.902771200013;19159.978035200005;19159.89647360002;19159.910604800014;19159.903283200016;19159.978035200005;19159.910604800014;19159.92524800001;19159.902771200013;19159.88131840002;19159.948748800012;19159.873996800023;19159.93256960001;19159.94091520001;19159.902771200013;19159.947724800008;19159.970713600007;19159.94823680001;19159.977523200003;19159.962880000006;19159.9926784;19159.94091520001;19159.970201600005;19159.94040320001;19159.985356800004;19159.955558400008;19159.903795200018;19159.903283200016;19159.851520000026;19159.888128000017;19159.9926784;19159.9926784;19160.0;19160.0;19159.9926784;19159.970201600005;19159.94040320001;19159.970201600005;19159.947724800008;19159.94823680001;19159.92524800001;19159.866163200022;19159.895961600017;19159.85832960002;19159.851008000023;19159.985356800004;19159.93308160001;19159.970713600007;19160.0;19159.978035200005;
213.83371041067943;19159.902771200013;19159.978035200005;19159.89647360002;19159.910604800014;19159.903283200016;19159.978035200005;19159.910604800014;19159.92524800001;19159.902771200013;19159.88131840002;19159.948748800012;19159.873996800023;19159.93256960001;19159.94091520001;19159.902771200013;19159.947724800008;19159.970713600007;19159.94823680001;19159.977523200003;19159.962880000006;19159.9926784;19159.94091520001;19159.970201600005;19159.94040320001;19159.985356800004;19159.955558400008;19159.903795200018;19159.903283200016;19159.851520000026;19159.888128000017;19159.9926784;19159.9926784;19160.0;19160.0;19159.9926784;19159.970201600005;19159.94040320001;19159.970201600005;19159.947724800008;19159.93308160001;19159.92524800001;19159.866163200022;19159.895961600017;19159.85832960002;19159.851008000023;19159.985356800004;19159.93308160001;19159.970713600007;19160.0;19159.978035200005;
213.88770253897837;19159.902771200013;19159.978035200005;19159.89647360002;19159.910604800014;19159.903283200016;19159.978035200005;19159.910604800014;19159.92524800001;19159.902771200013;19159.88131840002;19159.948748800012;19159.873996800023;19159.93256960001;19159.94091520001;19159.902771200013;19159.947724800008;19159.970713600007;19159.94823680001;19159.977523200003;19159.962880000006;19159.9926784;19159.94091520001;19159.970201600005;19159.94040320001;19159.985356800004;19159.955558400008;19159.903795200018;19159.903283200016;19159.851520000026;19159.888128000017;19159.9926784;19159.9926784;19160.0;19160.0;19159.9926784;19159.970201600005;19159.94040320001;19159.970201600005;19159.947724800008;19159.93308160001;19159.92524800001;19159.866163200022;19159.895961600017;19159.85832960002;19159.851008000023;19159.985356800004;19159.93308160001;19159.970713600007;19160.0;19159.978035200005;
213.88770253897837;19159.902771200013;19159.978035200005;19159.89647360002;19159.910604800014;19159.903283200016;19159.978035200005;19159.910604800014;19159.92524800001;19159.902771200013;19159.88131840002;19159.948748800012;19159.873996800023;19159.93256960001;19159.94091520001;19159.902771200013;19159.947724800008;19159.970713600007;19159.94823680001;19159.977523200003;19159.962880000006;19159.9926784;19159.94091520001;19159.970201600005;19159.94040320001;19159.985356800004;19159.955558400008;19159.903795200018;19159.903283200016;19159.851520000026;19159.888128000017;19159.977523200003;19159.9926784;19160.0;19160.0;19159.9926784;19159.970201600005;19159.94040320001;19159.970201600005;19159.947724800008;19159.93308160001;19159.92524800001;19159.866163200022;19159.895961600017;19159.85832960002;19159.851008000023;19159.985356800004;19159.93308160001;19159.970713600007;19160.0;19159.978035200005;
213.91858614274813;19159.902771200013;19159.978035200005;19159.89647360002;19159.910604800014;19159.903283200016;19159.978035200005;19159.910604800014;19159.92524800001;19159.902771200013;19159.88131840002;19159.948748800012;19159.873996800023;19159.93256960001;19159.94091520001;19159.902771200013;19159.947724800008;19159.970713600007;19159.94823680001;19159.977523200003;19159.962880000006;19159.9926784;19159.94091520001;19159.970201600005;19159.94040320001;19159.985356800004;19159.955558400008;19159.903795200018;19159.903283200016;19159.851520000026;19159.888128000017;19159.977523200003;19159.9926784;19160.0;19160.0;19159.9926784;19159.970201600005;19159.94040320001;19159.970201600005;19159.947724800008;19159.93308160001;19159.92524800001;19159.866163200022;19159.895961600017;19159.85832960002;19159.851008000023;19159.985356800004;19159.93308160001;19159.970713600007;19160.0;19159.978035200005;
213.92469478889709;19159.902771200013;19159.978035200005;19159.89647360002;19159.910604800014;19159.903283200016;19159.978035200005;19159.910604800014;19159.92524800001;19159.902771200013;19159.88131840002;19159.948748800012;19159.873996800023;19159.93256960001;19159.94091520001;19159.902771200013;19159.947724800008;19159.970713600007;19159.94823680001;19159.977523200003;19159.962880000006;19159.9926784;19159.94091520001;19159.970201600005;19159.94040320001;19159.985356800004;19159.955558400008;19159.903795200018;19159.903283200016;19159.851520000026;19159.888128000017;19159.977523200003;19159.9926784;19160.0;19160.0;19159.9926784;19159.970201600005;19159.94040320001;19159.970201600005;19159.947724800008;19159.93308160001;19159.92524800001;19159.866163200022;19159.895961600017;19159.85832960002;19159.851008000023;19159.985356800004;19159.93308160001;19159.970713600007;19160.0;19159.978035200005;
214.18770253897839;19159.902771200013;19159.978035200005;19159.89647360002;19159.910604800014;19159.903283200016;19159.978035200005;19159.910604800014;19159.92524800001;19159.902771200013;19159.88131840002;19159.948748800012;19159.873996800023;19159.93256960001;19159.94091520001;19159.902771200013;19159.947724800008;19159.970713600007;19159.94823680001;19159.977523200003;19159.962880000006;19159.9926784;19159.94091520001;19159.970201600005;19159.94040320001;19159.985356800004;19159.955558400008;19159.903795200018;19159.903283200016;19159.851520000026;19159.888128000017;19159.977523200003;19159.9926784;19160.0;19160.0;19159.9926784;19159.970201600005;19159.94040320001;19159.970201600005;19159.947724800008;19159.93308160001;19159.92524800001;19159.866163200022;19159.895961600017;19159.85832960002;19159.851008000023;19159.985356800004;19159.93308160001;19159.970713600007;19160.0;19159.978035200005;
214.9918343344627;19159.902771200013;19159.978035200005;19159.89647360002;19159.910604800014;19159.903283200016;19159.978035200005;19159.910604800014;19159.92524800001;19159.902771200013;19159.88131840002;19159.948748800012;19159.873996800023;19159.93256960001;19159.94091520001;19159.902771200013;19159.947724800008;19159.970713600007;19159.94823680001;19159.977523200003;19159.962880000006;19159.9926784;19159.94091520001;19159.970201600005;19159.94040320001;19159.985356800004;19159.955558400008;19159.903795200018;19159.903283200016;19159.851520000026;19159.888128000017;19159.977523200003;19159.9926784;19160.0;19160.0;19159.9926784;19159.970201600005;19159.93308160001;19159.962880000006;19159.947724800008;19159.93308160001;19159.92524800001;19159.866163200022;19159.895961600017;19159.85832960002;19159.851008000023;19159.985356800004;19159.93308160001;19159.970713600007;19160.0;19159.978035200005;
215.00183363207958;19159.902771200013;19159.978035200005;19159.89647360002;19159.910604800014;19159.903283200016;19159.978035200005;19159.910604800014;19159.92524800001;19159.902771200013;19159.88131840002;19159.948748800012;19159.873996800023;19159.93256960001;19159.94091520001;19159.902771200013;19159.947724800008;19159.970713600007;19159.94823680001;19159.977523200003;19159.962880000006;19159.9926784;19159.94091520001;19159.970201600005;19159.94040320001;19159.985356800004;19159.94823680001;19159.903795200018;19159.903283200016;19159.851520000026;19159.888128000017;19159.977523200003;19159.9926784;19160.0;19160.0;19159.9926784;19159.970201600005;19159.93308160001;19159.955558400008;19159.947724800008;19159.93308160001;19159.917926400012;19159.866163200022;19159.895961600017;19159.85832960002;19159.851008000023;19159.985356800004;19159.93308160001;19159.970713600007;19160.0;19159.978035200005;
